search_parameters.q","image_results.position","image_results.title","image_results.link","image_results.image","image_results.width","image_results.height","image_results.image_type",
"chickpeas ingredients isolated",1,"Raw Chickpeas Isolated on White, Pile ...","https://www.alamy.com/stock-photo-raw-chickpeas-isolated-on-white-pile-of-healthy-vegetable-ingredient-93085229.html","https://c8.alamy.com/comp/FBCB4D/raw-chickpeas-isolated-on-white-pile-of-healthy-vegetable-ingredient-FBCB4D.jpg",1300,966,
"chickpeas ingredients isolated",2,"White Background. Top View Stock Photo ...","https://www.dreamstime.com/chickpeas-isolated-white-background-top-view-image120584680","https://thumbs.dreamstime.com/z/chickpeas-isolated-white-background-top-view-120584680.jpg",1300,957,
"chickpeas ingredients isolated",3,"Pile Of Dry Chickpeas Isolated On A ...","https://www.dreamstime.com/pile-dry-chickpeas-isolated-white-background-image168753500","https://thumbs.dreamstime.com/z/pile-dry-chickpeas-isolated-white-background-168753500.jpg",1600,1203,
"chickpeas ingredients isolated",4,"raw organic chickpeas in wooden bowl ...","https://www.alamy.com/dry-raw-organic-chickpeas-in-wooden-bowl-isolated-on-white-background-top-view-image238254843.html","https://c8.alamy.com/comp/RRHCDF/dry-raw-organic-chickpeas-in-wooden-bowl-isolated-on-white-background-top-view-RRHCDF.jpg",1300,1335,
"chickpeas ingredients isolated",5,"Dried Chickpeas Isolated On White Stock ...","https://www.123rf.com/photo_137785870_dried-chickpeas-isolated-on-white.html","https://previews.123rf.com/images/dianazh/dianazh2001/dianazh200100239/137785870-dried-chickpeas-isolated-on-white.jpg",1300,1179,
"chickpeas ingredients isolated",6,"chickpea in wooden bowl isolated on ...","https://www.alamy.com/chickpea-in-wooden-bowl-isolated-on-white-background-nutrition-food-ingredient-image243107830.html","https://c8.alamy.com/comp/T3EEEE/chickpea-in-wooden-bowl-isolated-on-white-background-nutrition-food-ingredient-T3EEEE.jpg",1300,890,
"chickpeas ingredients isolated",7,"Picture Of Chickpeas In Glass Dish","https://www.featurepics.com/online/Chick-Peas-1844807.aspx","https://www.featurepics.com/StockImage/20110405/chick-peas-stock-picture-1844807.jpg",1300,956,
"chickpeas ingredients isolated",8,"Dried Chickpeas In The Wooden Spoon ...","https://www.dreamstime.com/dried-chickpeas-wooden-spoon-isolated-white-top-view-dried-chickpeas-isolated-white-backgrounds-image113537341","https://thumbs.dreamstime.com/z/dried-chickpeas-wooden-spoon-isolated-white-top-view-dried-chickpeas-isolated-white-backgrounds-113537341.jpg",1300,1085,
"chickpeas ingredients isolated",9,"White Background Stock Photo ...","https://www.shutterstock.com/image-photo/chickpeas-bowl-isolated-on-white-background-1417004081","https://image.shutterstock.com/image-photo/chickpeas-bowl-isolated-on-white-600w-1417004081.jpg",600,549,
"chickpeas ingredients isolated",10,"white background Royalty Free Vector","https://www.vectorstock.com/royalty-free-vector/chickpeas-isolated-on-white-background-vector-22230544","https://cdn5.vectorstock.com/i/1000x1000/05/44/chickpeas-isolated-on-white-background-vector-22230544.jpg",991,1080,
"chickpeas ingredients isolated",11,"Chickpea Soaked Water Image & Photo ...","https://www.bigstockphoto.com/image-319340962/stock-photo-chickpea-soaked-in-water-in-a-bowl-on-a-white-background-chickpea-isolated-on-white-background-chi","https://static3.bigstockphoto.com/9/1/3/large1500/319340962.jpg",1500,1346,
"chickpeas ingredients isolated",12,"Chickpeas In Wooden Bowl Isolated On ...","https://www.istockphoto.com/photo/chickpeas-in-wooden-bowl-isolated-on-white-background-top-view-gm885860964-246070216","https://media.istockphoto.com/photos/chickpeas-in-wooden-bowl-isolated-on-white-background-top-view-picture-id885860964",1024,1024,
"chickpeas ingredients isolated",13,"Chickpeas Black Bowl Isolated On White ...","https://www.shutterstock.com/image-photo/chickpeas-black-bowl-isolated-on-white-1493432081","https://image.shutterstock.com/image-photo/chickpeas-black-bowl-isolated-on-600w-1493432081.jpg",600,387,
"chickpeas ingredients isolated",14,"chickpea in wooden bowl and scoop ...","https://www.picfair.com/pics/08153543-chickpea-in-wooden-bowl-and-scoop-isolated-on-white-background-nutrition-bio-natural-food-ingredient","https://res.cloudinary.com/fleetnation/image/private/c_fit,w_1120/g_south,l_text:style_gothic2:%C2%A9%20eyecon,o_20,y_10/g_center,l_watermark4,o_25,y_50/v1554886524/wmtdzd0ostitnck5stkm.jpg",1120,689,
"chickpeas ingredients isolated",15,"Chickpeas Isolated On White Background ...","https://www.123rf.com/photo_127599759_chickpeas-isolated-on-white-background-with-clipping-path-pile-of-dry-chickpea-beans-in-rustic-woode.html","https://previews.123rf.com/images/xamtiw/xamtiw1907/xamtiw190700118/127599759-chickpeas-isolated-on-white-background-with-clipping-path-pile-of-dry-chickpea-beans-in-rustic-woode.jpg",1300,1114,
"chickpeas ingredients isolated",16,"Dried chickpeas isolated on white ...","https://www.canstockphoto.com/dried-chickpeas-isolated-on-white-49328154.html","https://comps.canstockphoto.com/dried-chickpeas-isolated-on-white-stock-images_csp49328154.jpg",450,462,
"chickpeas ingredients isolated",17,"Garbanzo Bean | Free Vectors, Stock ...","https://www.freepik.com/free-photos-vectors/garbanzo-bean","https://img.freepik.com/free-photo/chickpeas-wooden-bowl-isolated-white_88281-2912.jpg?size=626&ext=jpg",626,500,
"chickpeas ingredients isolated",18,"Food Ingredients: Chickpeas - Stock ...","https://www.featurepics.com/online/Chickpeas-1997780.aspx","https://www.featurepics.com/StockImage/20110914/chickpeas-stock-image-1997780.jpg",1300,962,
"chickpeas ingredients isolated",19,"Mouse Pad - Chickpea Isolated ...","https://www.amazon.com/Mouse-Pad-Chickpea-Isolated-Vegetarian/dp/B07KBF5CNB","https://images-na.ssl-images-amazon.com/images/I/51ghClBAwhL._SL1001_.jpg",1001,828,
"chickpeas ingredients isolated",20,"chickpeas isolated on white | High ...","https://creativemarket.com/vaaseenaa/2418018-chickpeas-isolated-on-white","https://cmkt-image-prd.freetls.fastly.net/0.1.0/ps/4227837/910/607/m2/fpnw/wm1/mzv833wg913c5gya2uzp54lx5xdbwi5em9s9ftilv0nc7wgrbxqhzpnudzq8ui9t-.jpg?1522685625&s=6d2d337780ec0da0a9ee1988dc0b40c6",1820,1214,
"chickpeas ingredients isolated",21,"Heap Of Dried Chickpeas Isolated On ...","https://www.istockphoto.com/photo/heap-of-dried-chickpeas-isolated-on-white-gm1170841644-324136607","https://media.istockphoto.com/photos/heap-of-dried-chickpeas-isolated-on-white-picture-id1170841644",1024,683,
"chickpeas ingredients isolated",22,"Dry chickpeas in sack isolated on white ...","https://www.alamy.com/stock-photo-dry-chickpeas-in-sack-isolated-on-white-background-chickpeas-in-burlap-134328523.html","https://c8.alamy.com/comp/HPF5B7/dry-chickpeas-in-sack-isolated-on-white-background-chickpeas-in-burlap-HPF5B7.jpg",1300,1028,
"chickpeas ingredients isolated",23,"100+ Free Chickpeas & Hummus Images ...","https://pixabay.com/images/search/chickpeas/","https://cdn.pixabay.com/photo/2014/04/05/11/40/chickpea-316594__340.jpg",513,340,
"chickpeas ingredients isolated",24,"Chickpeas in burlap bag isolated on ...","https://www.freepik.com/premium-photo/chickpeas-burlap-bag-isolated-white_5454290.htm","https://image.freepik.com/free-photo/chickpeas-burlap-bag-isolated-white_88281-1429.jpg",626,579,
"chickpeas ingredients isolated",25,"Black Bowl Isolated On White Background ...","https://www.dreamstime.com/chickpeas-black-bowl-isolated-white-background-top-view-image155195190","https://thumbs.dreamstime.com/z/chickpeas-black-bowl-isolated-white-background-top-view-155195190.jpg",1600,1155,
"chickpeas ingredients isolated",26,"Chickpea Wooden Scoop Image & Photo ...","https://www.bigstockphoto.com/image-294102748/stock-photo-chickpea-in-wooden-scoop-isolated-on-white-background-nutrition-bio-natural-food-ingredient","https://static3.bigstockphoto.com/4/9/2/large1500/294102748.jpg",1500,1043,
"chickpeas ingredients isolated",27,"dry chickpeas in white bowl isolated on ...","https://elements.envato.com/dry-chickpeas-in-white-bowl-isolated-on-dark-backg-6MBQJVG","https://envato-shoebox-0.imgix.net/35df/39c6-9bab-42b1-b8b2-72fe6145cd63/IMG_2067_f.jpg?auto=compress%2Cformat&fit=max&mark=https%3A%2F%2Felements-assets.envato.com%2Fstatic%2Fwatermark2.png&markalign=center%2Cmiddle&markalpha=18&w=700&s=8beb709544ea65aee6fec43af96f85e8",700,467,
"chickpeas ingredients isolated",28,"Chickpeas peas vegetable vegetables ...","https://www.canstockphoto.com/chickpeas-peas-vegetable-vegetables-from-58742740.html","https://comps.canstockphoto.com/chickpeas-peas-vegetable-vegetables-from-stock-photo_csp58742740.jpg",450,320,
"chickpeas ingredients isolated",29,"chickpea in wooden bowl and scoop ...","https://www.picfair.com/pics/08153548-chickpea-in-wooden-bowl-and-scoop-isolated-on-white-background-nutrition-bio-natural-food-ingredient","https://res.cloudinary.com/fleetnation/image/private/c_fit,w_1120/g_south,l_text:style_gothic2:%C2%A9%20eyecon,o_20,y_10/g_center,l_watermark4,o_25,y_50/v1554886587/vtsdrpl8hyjd9vn3afp7.jpg",1120,689,
"chickpeas ingredients isolated",30,"Chickpeas isolated on white background ...","https://depositphotos.com/164054974/stock-photo-chickpeas-isolated-on-white-background.html","https://st3.depositphotos.com/1364913/16405/i/1600/depositphotos_164054974-stock-photo-chickpeas-isolated-on-white-background.jpg",1600,1154,
"chickpeas ingredients isolated",31,"chickpeas; mung; bean; green; peas ...","https://www.twenty20.com/photos/bf8ac95c-7259-49be-b999-377504b50749","https://res.cloudinary.com/twenty20/private_images/t_watermark-criss-cross-10/v1568629045000/photosp/bf8ac95c-7259-49be-b999-377504b50749/stock-photo-dry-green-bean-eat-isolated-peas-legumes-chickpeas-mung-bf8ac95c-7259-49be-b999-377504b50749.jpg",640,640,
"chickpeas ingredients isolated",32,"chickpeas isolated stock photos - OFFSET","https://www.offset.com/search/chickpeas+isolated?hue=lime","https://ak.picdn.net/offset/photos/5e73b86bd164c0404ea4a8a6/medium/offset_918400.jpg",650,650,
"chickpeas ingredients isolated",33,"Raw Dry Chickpea Grains in Bowl ...","https://www.pixtastock.com/illustration/43132395","https://en.pimg.jp/043/132/395/1/43132395.jpg",450,468,
"chickpeas ingredients isolated",34,"Chickpeas Isolated On White Stock Photo ...","https://www.123rf.com/photo_142271259_chickpeas-isolated-on-white.html","https://previews.123rf.com/images/dariaustiugova/dariaustiugova2003/dariaustiugova200300113/142271259-chickpeas-isolated-on-white.jpg",1300,919,
"chickpeas ingredients isolated",35,"Fresh Raw whole chickpeas | High ...","https://creativemarket.com/kailashkumar/4000494-Fresh-Raw-whole-chickpeas","https://cmkt-image-prd.freetls.fastly.net/0.1.0/ps/6791409/910/683/m2/fpnw/wm1/k92z2dcqgvewvnjdttlrsp4vebrhyicvnts4ayk9l9zhfvubffonvcil6c86o22a-.jpg?1565259839&s=627511e20f41dc626895f445e752cdfa",1820,1366,
"chickpeas ingredients isolated",36,"Top View Bowl Of Uncooked Chickpeas ...","https://www.crushpixel.com/stock-photo/closeup-top-view-bowl-uncooked-686974.html","https://www.crushpixel.com/static11/preview2/closeup-top-view-bowl-uncooked-686974.jpg",500,333,
"chickpeas ingredients isolated",37,"Chickpeas Image","https://www.featurepics.com/online/Chickpeas-1965590.aspx","https://www.featurepics.com/StockImage/20110813/chickpeas-stock-image-1965590.jpg",1300,958,
"chickpeas ingredients isolated",38,"Dry chickpeas in clay bowl with heap of ...","https://www.alamy.com/stock-photo-dry-chickpeas-in-clay-bowl-with-heap-of-chickpeas-near-isolated-on-134328524.html","https://c8.alamy.com/comp/HPF5B8/dry-chickpeas-in-clay-bowl-with-heap-of-chickpeas-near-isolated-on-HPF5B8.jpg",1300,1103,
"chickpeas ingredients isolated",39,"Creamy miso+tahini pasta ...","https://www.pinterest.ie/pin/634303928755427517/","https://i.pinimg.com/originals/14/29/ae/1429ae3550fd52844a1eff34084cc19d.jpg",863,863,
"chickpeas ingredients isolated",40,"Scoop Isolated On White Background ...","https://www.istockphoto.com/photo/chickpeas-in-sack-with-scoop-isolated-on-white-background-gm538070844-95632619","https://media.istockphoto.com/photos/chickpeas-in-sack-with-scoop-isolated-on-white-background-picture-id538070844",947,1024,
"chickpeas ingredients isolated",41,"Glass Jar Raw Garbanzo Image & Photo ...","https://www.bigstockphoto.com/image-298406569/stock-photo-glass-jar-with-raw-garbanzo-chickpea-grains-isolated-on-dark-background-close-up-shot-protein-see","https://static1.bigstockphoto.com/8/9/2/large1500/298406569.jpg",1500,1120,
"chickpeas ingredients isolated",42,"The Superfood That Can Help You through ...","https://www.belmarrahealth.com/the-superfood-that-can-help-you-through-self-isolation/","https://www.belmarrahealth.com/wp-content/uploads/2020/03/chickpeas-500x400.jpg",500,400,
"chickpeas ingredients isolated",43,"Closeup Bowl Of Uncooked Chickpeas ...","https://www.crushpixel.com/stock-photo/closeup-bowl-uncooked-chickpeas-isolated-687026.html","https://www.crushpixel.com/static11/preview2/closeup-bowl-uncooked-chickpeas-isolated-687026.jpg",500,333,
"chickpeas ingredients isolated",44,"tripe (callos) in clay pot. isolated ...","https://www.freepik.com/premium-photo/chickpeas-with-tripe-callos-clay-pot-isolated_6006209.htm","https://image.freepik.com/free-photo/chickpeas-with-tripe-callos-clay-pot-isolated_131238-358.jpg",626,595,
"chickpeas ingredients isolated",45,"Raw chickpeas in silver bowl isolated ...","https://www.barewalls.com/canvas-print/raw-chickpeas-in-silver-bowl-isolated-on-white_bwc48111127.html","https://www.barewalls.com/comp/canvas-print/bwc48111127/raw-chickpeas-in-silver-bowl-isolated-on-white.jpg",389,390,
"chickpeas ingredients isolated",46,"white background Stock Photos ...","https://www.agefotostock.com/age/en/Stock-Images/white-chickpeas-on-a-white-background.html","https://t1.thpservices.com/previewimage/gallil/c6e63562227310bca8ab37b7134b309f/esy-047579621.jpg",531,470,
"chickpeas ingredients isolated",47,"Chickpea Protein Ingredients Market ...","https://editmeet.com/chickpea-protein-ingredients-market-business-strategies-upcoming-trends-and-future-prospects-by-global-outlook-2019-to-2023/","https://cdn.editmeet.com/wp-content/uploads/2019/03/26083150/Chickpea-Protein-Ingredients-Market.jpg",400,300,
"chickpeas ingredients isolated",48,"Hummus and chickpeas isolated Stock ...","https://www.fotosearch.com/CSP004/k38246053/","https://fscomps.fotosearch.com/compc/CSP/CSP004/hummus-and-chickpeas-isolated-stock-image__k38246053.jpg",450,319,
"chickpeas ingredients isolated",49,"Dried chickpeas isolated on white ...","https://www.canstockphoto.com/dried-chickpeas-isolated-on-white-49738721.html","https://comps.canstockphoto.com/dried-chickpeas-isolated-on-white-stock-photo_csp49738721.jpg",450,451,
"chickpeas ingredients isolated",50,"Sweet Potato and Coconut Curry with ...","https://crockpot.co.uk/recipes/sweet-potato-and-coconut-curry-with-chickpeas-and-spinach/","https://crockpot.co.uk/wp-content/uploads/sites/14/2019/10/Sweet-Potato-and-Coconut-Curry-Isolated-1-910x524.png",910,524,
"chickpeas ingredients isolated",51,"Dried chickpeas isolated on a white ...","https://stock.adobe.com/images/dried-chickpeas-isolated-on-a-white-background/218454332","https://as2.ftcdn.net/jpg/02/18/45/43/500_F_218454332_BaNAwMyy57r5AH1nd8YvR0mh1cL55KH6.jpg",500,400,
"chickpeas ingredients isolated",52,"Dried Chickpeas Isolated White ...","https://depositphotos.com/219569558/stock-photo-dried-chickpeas-isolated-white-backgrounds.html","https://st4.depositphotos.com/5262935/21956/i/1600/depositphotos_219569558-stock-photo-dried-chickpeas-isolated-white-backgrounds.jpg",1600,1249,
"chickpeas ingredients isolated",53,"Raw Chickpeas In Silver Bowl Isolated ...","https://www.gettyimages.fi/detail/photo/raw-chickpeas-in-silver-bowl-isolated-on-white-royalty-free-image/693990872","https://media.gettyimages.com/photos/raw-chickpeas-in-silver-bowl-isolated-on-white-picture-id693990872",1024,682,
"chickpeas ingredients isolated",54,"chickpea in wooden bowl isolated on ...","https://www.picfair.com/pics/08153647-chickpea-in-wooden-bowl-isolated-on-white-background-nutrition-food-ingredient","https://res.cloudinary.com/fleetnation/image/private/c_fit,w_1120/g_south,l_text:style_gothic2:%C2%A9%20eyecon,o_20,y_10/g_center,l_watermark4,o_25,y_50/v1554886761/twgefz1ivtqvgyiiymuy.jpg",1120,689,
"chickpeas ingredients isolated",55,"dried kidney legumes beans, soybeans ...","https://creativemarket.com/kolesnikovserg/2499670-Collection-set-of-Various-dried-kidney-legumes-beans-soybeans-lentils-chickpeas-close-up-isolated-on-white-background","https://cmkt-image-prd.freetls.fastly.net/0.1.0/ps/4352354/910/607/m2/fpnw/wm1/kdmqtalivaiqxri1nrozllne8efvi2swx701mugddwsnr5jopfmwwwtzwyez0qmz-.jpg?1524596305&s=7afabe7cc30f1698dc7c94e38406225c",1820,1214,
"chickpeas ingredients isolated",56,"A Bowl Of Dry Chickpeas Isolated On A ...","https://www.123rf.com/photo_140371648_a-bowl-of-dry-chickpeas-isolated-on-a-white-background.html","https://previews.123rf.com/images/pamela4578/pamela45782002/pamela4578200200608/140371648-a-bowl-of-dry-chickpeas-isolated-on-a-white-background.jpg",1300,866,
"chickpeas ingredients isolated",57,"Dried Chickpeas Isolated On White ...","https://www.dreamstime.com/dried-chickpeas-isolated-white-background-image162204763","https://thumbs.dreamstime.com/z/dried-chickpeas-isolated-white-background-162204763.jpg",1600,1155,
"chickpeas ingredients isolated",58,"Fresh Raw whole chickpeas isolated on ...","https://www.alamy.com/fresh-raw-whole-chickpeas-isolated-on-white-image216593055.html","https://c8.alamy.com/comp/PGAJJ7/fresh-raw-whole-chickpeas-isolated-on-white-PGAJJ7.jpg",1300,1179,
"chickpeas ingredients isolated",59,"chickpeas isolated on white background ...","https://en.clipdealer.com/photo/media/A:36492068","https://images.assetsdelivery.com/compings_v2/baibaz/baibaz1502/baibaz150200023.jpg",449,450,
"chickpeas ingredients isolated",60,"Pile of chickpeas beans isolated on ...","https://www.fotosearch.com/CSP992/k14217949/","https://fscomps.fotosearch.com/compc/CSP/CSP992/pile-of-chickpeas-beans-isolated-on-stock-photo__k14217949.jpg",450,307,
"chickpeas ingredients isolated",61,"Is Chickpea Pasta Healthy? - Best ...","https://www.goodhousekeeping.com/health/diet-nutrition/a26090747/chickpea-pasta/","https://hips.hearstapps.com/hmg-prod.s3.amazonaws.com/images/banza-1567088271.png",1500,1500,
"chickpeas ingredients isolated",62,"collage of legumes including lentils ...","https://www.agefotostock.com/age/en/Stock-Images/Low-Budget-Royalty-Free/ESY-043731151","https://previews.agefotostock.com/previewimage/medibigoff/2c09acc6d980724201228bf7ddead188/esy-043731151.jpg",1049,698,
"chickpeas ingredients isolated",63,"Raw Organic Chickpeas In Wooden Spoon ...","https://www.istockphoto.com/photo/dry-raw-organic-chickpeas-in-wooden-spoon-isolated-on-white-background-close-up-gm1149714155-310951384","https://media.istockphoto.com/photos/dry-raw-organic-chickpeas-in-wooden-spoon-isolated-on-white-close-up-picture-id1149714155",1024,682,
"chickpeas ingredients isolated",64,"Food Ingredients: Pile Of Chickpeas ...","https://www.featurepics.com/online/chickpeas-2574479.aspx","https://www.featurepics.com/StockImage/20130116/chickpeas-stock-picture-2574479.jpg",866,1392,
"chickpeas ingredients isolated",65,"Chickpea Bowl Isolated Image & Photo ...","https://www.bigstockphoto.com/image-301363261/stock-photo-chickpea-in-bowl-isolated-on-white-background-top-view","https://static2.bigstockphoto.com/1/0/3/large1500/301363261.jpg",1500,1620,
"chickpeas ingredients isolated",66,"dried chickpeas in the sack with wooden ...","https://en.clipdealer.com/photo/media/A:98671256","https://images.assetsdelivery.com/compings_v2/amylv/amylv1804/amylv180400035.jpg",450,397,
"chickpeas ingredients isolated",67,"chickpeas isolated on white background ...","https://www.freepik.com/premium-photo/pile-chickpeas-isolated-white-background_3872398.htm","https://image.freepik.com/free-photo/pile-chickpeas-isolated-white-background_71985-666.jpg",626,417,
"chickpeas ingredients isolated",68,"Dried Chickpeas Isolated White ...","https://depositphotos.com/219582628/stock-photo-dried-chickpeas-isolated-white-backgrounds.html","https://st4.depositphotos.com/5262935/21958/i/1600/depositphotos_219582628-stock-photo-dried-chickpeas-isolated-white-backgrounds.jpg",1488,1700,
"chickpeas ingredients isolated",69,"Dried chickpeas in the sack, isolated ...","https://www.canstockphoto.com/dried-chickpeas-in-the-sack-isolated-on-56227207.html","https://comps.canstockphoto.com/dried-chickpeas-in-the-sack-isolated-on-stock-photography_csp56227207.jpg",450,365,
"chickpeas ingredients isolated",70,"Get Free Stock Photos of Chickpeas ...","https://freerangestock.com/photos/113478/chickpeas.html","https://freerangestock.com/sample/113064/chickpeas.jpg",970,727,
"chickpeas ingredients isolated",71,"Garbanzo Beans Chickpeas Isolated On ...","https://www.gettyimages.ae/detail/photo/garbanzo-beans-chick-peas-isolated-on-white-royalty-free-image/509494920","https://media.gettyimages.com/photos/garbanzo-beans-chickpeas-isolated-on-white-picture-id509494920",1024,682,
"chickpeas ingredients isolated",72,"woman hand isolated in black background ...","https://www.pond5.com/stock-footage/item/69042739-chickpeas-taken-woman-hand-isolated-black-background","https://images.pond5.com/chickpeas-taken-woman-hand-isolated-footage-069042739_prevstill.jpeg",1920,1080,
"chickpeas ingredients isolated",73,"Dry chickpeas in a wooden spoon ...","https://stock.adobe.com/images/dry-chickpeas-in-a-wooden-spoon-isolated-on-white-background/270508090","https://as1.ftcdn.net/jpg/02/70/50/80/500_F_270508090_9zZ6vFzL0t8hzXsPXYIVmI9sKmzm9xt8.jpg",500,334,
"chickpeas ingredients isolated",74,"chickpea in wooden bowl isolated on ...","https://www.picfair.com/pics/08153712-chickpea-in-wooden-bowl-isolated-on-white-background-nutrition-food-ingredient","https://res.cloudinary.com/fleetnation/image/private/c_fit,w_1120/g_south,l_text:style_gothic2:%C2%A9%20eyecon,o_20,y_10/g_center,l_watermark4,o_25,y_50/v1554886883/ypsbuxf84cdnvyzbgpb5.jpg",1120,689,
"chickpeas ingredients isolated",75,"Chickpea Isolated Images, Stock Photos ...","https://www.shutterstock.com/search/chickpea+isolated","https://image.shutterstock.com/image-photo/raw-chickpeas-isolated-on-white-260nw-1551952772.jpg",390,280,
"chickpeas ingredients isolated",76,"Chickpeas In Wooden Spoon Isolated On ...","https://www.dreamstime.com/chickpeas-wooden-spoon-isolated-white-background-image155195029","https://thumbs.dreamstime.com/z/chickpeas-wooden-spoon-isolated-white-background-155195029.jpg",1600,1213,
"chickpeas ingredients isolated",77,"Dried Chickpeas Isolated On White Stock ...","https://www.123rf.com/photo_134144586_dried-chickpeas-isolated-on-white.html","https://previews.123rf.com/images/dianazh/dianazh1911/dianazh191100513/134144586-dried-chickpeas-isolated-on-white.jpg",1300,1207,
"chickpeas ingredients isolated",78,"Senior staff's best meals in isolation ...","https://tsl.news/senior-staffs-best-meals-in-isolation/","https://i0.wp.com/tsl.news/wp-content/uploads/2020/04/pjimage.jpg?resize=715%2C715&ssl=1",715,715,
"chickpeas ingredients isolated",79,"Dried Chickpeas Isolated On White ...","https://www.istockphoto.com/photo/dried-chickpeas-isolated-on-white-background-gm1182035974-331767955","https://media.istockphoto.com/photos/dried-chickpeas-isolated-on-white-background-picture-id1182035974",1024,682,
"chickpeas ingredients isolated",80,"raw organic chickpeas in wooden scoop ...","https://www.alamy.com/dry-raw-organic-chickpeas-in-wooden-scoop-isolated-on-white-background-top-view-image239130904.html","https://c8.alamy.com/comp/RW19WC/dry-raw-organic-chickpeas-in-wooden-scoop-isolated-on-white-background-top-view-RW19WC.jpg",1300,561,
"chickpeas ingredients isolated",81,"plumular apice explants ...","https://www.researchgate.net/figure/In-vitro-shoot-regeneration-from-plumular-apice-explants-of-chickpea-a-b-isolation-of_fig1_258338446","https://www.researchgate.net/profile/Muhammad_Aasim/publication/258338446/figure/fig1/AS:669565113626644@1536648171633/In-vitro-shoot-regeneration-from-plumular-apice-explants-of-chickpea-a-b-isolation-of.png",850,652,
"chickpeas ingredients isolated",82,"Round shaped different cereals isolated ...","https://www.meashots.com/photo/201644/round-shaped-different-cereals-isolated-on-white.html","https://www.meashots.com/samples/NDQ2MTAyYjJmMmQxNzY2Mg==/round-shaped-different-cereals-isolated-on-white.jpg&size=1024",1024,518,
"chickpeas ingredients isolated",83,"hessian sack on a isolated white ...","https://www.agefotostock.com/age/en/Stock-Images/Low-Budget-Royalty-Free/ESY-052192191","https://previews.agefotostock.com/previewimage/medibigoff/8be80d3319d45be35de74ed79d17c9c9/esy-052192191.jpg",980,700,
"chickpeas ingredients isolated",84,"Chickpea Soaked Water Image & Photo ...","https://www.bigstockphoto.com/image-286510075/stock-photo-chickpea-soaked-in-water-in-a-bowl-on-a-white-background-chickpea-isolated-on-white-background-chi","https://static3.bigstockphoto.com/6/8/2/large1500/286510075.jpg",1500,1259,
"chickpeas ingredients isolated",85,"Uncooked chickpeas beans in wooden ...","https://www.colourbox.com/image/uncooked-chickpeas-on-white-background-image-18441508","https://www.colourbox.com/preview/18441508-uncooked-chickpeas-on-white-background.jpg",800,533,
"chickpeas ingredients isolated",86,"Stock Photos of Chickpea legume ...","https://freerangestock.com/photos/113477/chickpea-legume-.html","https://freerangestock.com/sample/113063/chickpea-legume-.jpg",970,729,
"chickpeas ingredients isolated",87,"Chickpeas in wooden scoop isolated on ...","https://depositphotos.com/276651232/stock-photo-chickpeas-in-wooden-scoop-isolated.html","https://st4.depositphotos.com/4278641/27665/i/1600/depositphotos_276651232-stock-photo-chickpeas-in-wooden-scoop-isolated.jpg",1600,1167,
"chickpeas ingredients isolated",88,"chickpeas plant with seed heap close up ...","https://eu.clipdealer.com/photo/media/A:30351786","https://images.assetsdelivery.com/compings_v2/kolesnikovserg/kolesnikovserg1711/kolesnikovserg171100725.jpg",450,300,
"chickpeas ingredients isolated",89,"Is Chickpea Pasta Healthy? - Best ...","https://www.goodhousekeeping.com/health/diet-nutrition/a26090747/chickpea-pasta/","https://hips.hearstapps.com/hmg-prod.s3.amazonaws.com/images/salad-with-fusilli-chickpeas-grass-in-a-metal-bowl-royalty-free-image-649778296-1553524892.jpg?crop=0.667xw:1.00xh;0.190xw,0&resize=480:*",480,480,
"chickpeas ingredients isolated",90,"Dried chickpeas isolated on white ...","https://www.canstockphoto.com/dried-chickpeas-isolated-on-white-49462325.html","https://comps.canstockphoto.com/dried-chickpeas-isolated-on-white-stock-photo_csp49462325.jpg",450,453,
"chickpeas ingredients isolated",91,"Crispy Chickpea Chopped Salad | Recipe ...","https://www.pinterest.nz/pin/283515739029558603/","https://i.pinimg.com/originals/cb/e6/0b/cbe60b134b74971501b87950d24d23a3.jpg",3643,5000,
"chickpeas ingredients isolated",92,"An Isolated White Background ...","https://www.picxy.com/photo/493521","https://images.picxy.com/cache/2020/3/23/05c0d6c930627d06b9036eccd6265d5b.jpg",1600,1200,
"chickpeas ingredients isolated",93,"Fresh Raw whole chickpeas | High ...","https://creativemarket.com/kailashkumar/4000268-Fresh-Raw-whole-chickpeas","https://cmkt-image-prd.freetls.fastly.net/0.1.0/ps/6791112/910/608/m2/fpnw/wm1/uhl2nm69ytyqcusubdwuc0ewx1id3adcj44gozogrf5zzgdqeqxgtoaaxo6r97am-.jpg?1565256448&s=f2c9747c2f297cc6180424ded9bec9f6",1820,1216,
"chickpeas ingredients isolated",94,"bright dark brown colored Desi chana ...","https://www.fotolia.com/id/205128100","https://t4.ftcdn.net/jpg/02/05/12/81/500_F_205128100_Iayt5NiZbnmgLoXx71pzjbS0RcRO1zw9.jpg",500,334,
"chickpeas ingredients isolated",95,"Chickpea In Wooden Scoop Beans Isolated ...","https://www.gettyimages.ca/detail/photo/chick-pea-in-wooden-scoop-beans-isolated-on-a-white-royalty-free-image/1034461520","https://media.gettyimages.com/photos/chickpea-in-wooden-scoop-beans-isolated-on-a-white-background-closeup-picture-id1034461520",1024,682,
"chickpeas ingredients isolated",96,"Close Up Heap Of Chickpea Beans ...","https://www.crushpixel.com/stock-photo/close-up-heap-chickpea-beans-1212732.html","https://www.crushpixel.com/static13/preview2/close-up-heap-chickpea-beans-1212732.jpg",500,301,