"search_parameters.q","image_results.position","image_results.title","image_results.link","image_results.image","image_results.width","image_results.height","image_results.image_type",
"tomato white background stock",1,"Over White Background Stock Photo ...","https://www.123rf.com/photo_13521912_tomato-over-white-background.html","https://previews.123rf.com/images/mblach/mblach1205/mblach120500319/13521912-tomato-over-white-background.jpg",1300,1300,
"tomato white background stock",2,"Roma Tomato White Background Images ...","https://www.shutterstock.com/search/roma+tomato+white+background","https://image.shutterstock.com/image-photo/plum-tomatoes-on-white-background-260nw-325363781.jpg",409,280,
"tomato white background stock",3,"Half and whole fresh tomatoes isolated ...","https://www.alamy.com/half-and-whole-fresh-tomatoes-isolated-on-white-background-image234442965.html","https://c8.alamy.com/comp/RHBPB1/half-and-whole-fresh-tomatoes-isolated-on-white-background-RHBPB1.jpg",1300,956,
"tomato white background stock",4,"Red ripe tomato isolated on white ...","https://photodune.net/item/red-ripe-tomato-isolated-on-white-background/21632265","https://s3.envato.com/files/230463075/Red%20ripe%20tomato%20isolated%20on%20white%20background.jpg",590,615,
"tomato white background stock",5,"White Background. Stock Photo ...","https://www.123rf.com/photo_98069707_heirloom-tomato-isolated-on-the-white-background-.html","https://previews.123rf.com/images/khumthong/khumthong1803/khumthong180300024/98069707-heirloom-tomato-isolated-on-the-white-background-.jpg",1300,1069,
"tomato white background stock",6,"Fresh tomato on white background Stock ...","https://photodune.net/item/fresh-tomato-on-white-background/21656571","https://s3.envato.com/files/243936173/B0007143.jpg",590,590,
"tomato white background stock",7,"Cherry Tomatoes And A Half Of Tomato ...","https://www.istockphoto.com/photo/two-cherry-tomatoes-and-a-half-of-tomato-white-background-gm951661050-259771586","https://media.istockphoto.com/photos/two-cherry-tomatoes-and-a-half-of-tomato-white-background-picture-id951661050",1024,844,
"tomato white background stock",8,"white background Stock Photo ...","https://www.alamy.com/fresh-single-tomato-isolated-on-white-background-image244010503.html","https://c8.alamy.com/comp/T4YHTR/fresh-single-tomato-isolated-on-white-background-T4YHTR.jpg",1300,1235,
"tomato white background stock",9,"White Background. Stock Photo ...","https://www.123rf.com/photo_98042860_heirloom-tomato-isolated-on-the-white-background-.html","https://previews.123rf.com/images/khumthong/khumthong1803/khumthong180300001/98042860-heirloom-tomato-isolated-on-the-white-background-.jpg",1300,1108,
"tomato white background stock",10,"Tomatoes on white background — Stock ...","https://depositphotos.com/185672150/stock-photo-tomatoes-on-white-background.html","https://st3.depositphotos.com/1043285/18567/i/1600/depositphotos_185672150-stock-photo-tomatoes-on-white-background.jpg",1600,1700,
"tomato white background stock",11,"Tomato Slice Isolated White Background ...","https://depositphotos.com/204278340/stock-photo-tomato-slice-isolated-white-background.html","https://st4.depositphotos.com/18581408/20427/i/1600/depositphotos_204278340-stock-photo-tomato-slice-isolated-white-background.jpg",1600,1542,
"tomato white background stock",12,"Ketchup or tomato sauce in the shape of ...","https://www.alamy.com/ketchup-or-tomato-sauce-in-the-shape-of-tomato-fruit-on-white-background-image270706858.html","https://c8.alamy.com/comp/WMBNA2/ketchup-or-tomato-sauce-in-the-shape-of-tomato-fruit-on-white-background-WMBNA2.jpg",1300,1262,
"tomato white background stock",13,"Bunch Of Cherry Tomatoes Isolated On ...","https://www.istockphoto.com/photo/bunch-of-cherry-tomatoes-isolated-on-white-background-gm1094993644-293908957","https://media.istockphoto.com/photos/bunch-of-cherry-tomatoes-isolated-on-white-background-picture-id1094993644?k=6&m=1094993644&s=170667a&w=0&h=0fmCX2grLrXj1aOqBn9aWi6srDQKLfFFUiU0BmCT7_k=",479,359,
"tomato white background stock",14,"Fresh Slice Tomato On White Background ...","https://www.123rf.com/photo_23881604_fresh-slice-tomato-on-white-background.html","https://previews.123rf.com/images/seralexvi/seralexvi1311/seralexvi131100332/23881604-fresh-slice-tomato-on-white-background.jpg",1287,1300,
"tomato white background stock",15,"Half Of Tomato. White Background ...","https://www.dreamstime.com/two-cherry-tomatoes-half-tomato-white-background-isolated-image163906310","https://thumbs.dreamstime.com/z/two-cherry-tomatoes-half-tomato-white-background-isolated-163906310.jpg",1600,1407,
"tomato white background stock",16,"Black tomato on white background ...","https://focusedcollection.com/180576198/stock-photo-black-tomato-white-background.html","https://st.focusedcollection.com/13422768/i/1800/focused_180576198-stock-photo-black-tomato-white-background.jpg",1800,1800,
"tomato white background stock",17,"Tomatoes White Background Images, Stock ...","https://www.shutterstock.com/search/tomatoes+white+background?section=1&sort=popular&search_source=base_related_searches&language=en","https://image.shutterstock.com/image-photo/one-red-tomato-isolated-on-260nw-1497575927.jpg",303,280,
"tomato white background stock",18,"Fresh Juicy tomato cut in half Isolated ...","https://photodune.net/item/two-fresh-juicy-tomato-cut-in-half-isolated-on-white-background/10122073","https://s3.envato.com/files/118933205/DSC_7024_red.jpg",590,400,
"tomato white background stock",19,"isolated on the white background Stock ...","https://www.alamy.com/stock-photo-tomatoes-with-water-drops-isolated-on-the-white-background-104316041.html","https://c8.alamy.com/comp/G1M04W/tomatoes-with-water-drops-isolated-on-the-white-background-G1M04W.jpg",1300,1181,
"tomato white background stock",20,"Directly Above Shot Cherry Tomatoes On ...","https://www.gettyimages.co.uk/detail/photo/directly-above-shot-cherry-tomatoes-on-white-royalty-free-image/1127911290","https://media.gettyimages.com/photos/directly-above-shot-cherry-tomatoes-on-white-background-picture-id1127911290",1024,885,
"tomato white background stock",21,"Isolated Tomato. Fresh Cut Tomatoes ...","https://www.dreamstime.com/isolated-tomato-fresh-cut-tomatoes-white-background-image170813698","https://thumbs.dreamstime.com/z/isolated-tomato-fresh-cut-tomatoes-white-background-170813698.jpg",1600,1155,
"tomato white background stock",22,"Bunch Of Fresh Juicy Tomatoes Isolated ...","https://www.123rf.com/photo_15329004_bunch-of-fresh-juicy-tomatoes-isolated-on-a-white-background-close-up.html","https://previews.123rf.com/images/evgenyi/evgenyi1209/evgenyi120900039/15329004-bunch-of-fresh-juicy-tomatoes-isolated-on-a-white-background-close-up.jpg",1083,1300,
"tomato white background stock",23,"Tomatoes With Sliced Tomatoes Isolated ...","https://www.istockphoto.com/vector/tomatoes-with-sliced-tomatoes-isolated-on-white-background-gm1161897029-318513014","https://media.istockphoto.com/vectors/tomatoes-with-sliced-tomatoes-isolated-on-white-background-vector-id1161897029",1024,783,
"tomato white background stock",24,"Sliced Tomato Isolated Over White ...","https://www.pinterest.com/pin/415527503100688759/","https://i.pinimg.com/originals/45/37/7b/45377ba62dfcf9cf7fc348aa2b219131.jpg",1500,1600,
"tomato white background stock",25,"Half of tomato on white background ...","https://focusedcollection.com/180577210/stock-photo-half-tomato-white-background.html","https://st.focusedcollection.com/13422768/i/1800/focused_180577210-stock-photo-half-tomato-white-background.jpg",1800,1800,
"tomato white background stock",26,"One Ripe Tomato On A White Background ...","https://www.dreamstime.com/one-ripe-tomato-white-background-tomat-image131867645","https://thumbs.dreamstime.com/z/one-ripe-tomato-white-background-tomat-131867645.jpg",1600,1689,
"tomato white background stock",27,"Directly Above Shot Cherry Tomatoes On ...","https://www.gettyimages.com/detail/photo/directly-above-shot-cherry-tomatoes-on-white-royalty-free-image/1127541847","https://media.gettyimages.com/photos/directly-above-shot-cherry-tomatoes-on-white-background-picture-id1127541847",1024,874,
"tomato white background stock",28,"Tomato White Background Images, Stock ...","https://www.shutterstock.com/search/tomato+white+background","https://image.shutterstock.com/image-photo/tomatoes-isolated-on-white-background-260nw-1677417559.jpg",543,280,
"tomato white background stock",29,"Sliced San Marzano tomato rings ...","https://www.alamy.com/sliced-san-marzano-tomato-rings-isolated-on-white-background-image212571817.html","https://c8.alamy.com/comp/P9RDEH/sliced-san-marzano-tomato-rings-isolated-on-white-background-P9RDEH.jpg",1300,963,
"tomato white background stock",30,"Organic Vine Cherry Tomatoes Isolated ...","https://stockfresh.com/image/575410/organic-vine-cherry-tomatoes-isolated-on-white-background","https://img3.stockfresh.com/files/r/rekemp/m/47/575410_stock-photo-organic-vine-cherry-tomatoes-isolated-on-white-background.jpg",600,399,
"tomato white background stock",31,"Red Tomato Isolated On White Background ...","https://www.istockphoto.com/photo/evolution-of-red-tomato-isolated-on-white-background-gm1080112988-289496314","https://media.istockphoto.com/photos/evolution-of-red-tomato-isolated-on-white-background-picture-id1080112988",1024,393,
"tomato white background stock",32,"Colorful Organic Cherry Tomatoes White ...","https://depositphotos.com/223299758/stock-photo-colorful-organic-cherry-tomatoes-white.html","https://st4.depositphotos.com/16729566/22329/i/1600/depositphotos_223299758-stock-photo-colorful-organic-cherry-tomatoes-white.jpg",1600,1167,
"tomato white background stock",33,"Cherry Tomatoes Isolated on White ...","https://stockfresh.com/image/8877201/cherry-tomatoes-isolated-on-white-background","https://img3.stockfresh.com/files/b/bozena_fulawka/m/35/8877201_stock-photo-cherry-tomatoes-isolated-on-white-background.jpg",600,531,
"tomato white background stock",34,"one fresh red tomato isolated on white ...","https://www.pinterest.com/pin/670121619528704077/","https://i.pinimg.com/474x/d5/9b/a6/d59ba6b020e0397d8bd9b866015a1fb5.jpg",260,280,
"tomato white background stock",35,"white background Stock Photo ...","https://www.alamy.com/fresh-tomatoes-isolated-on-white-background-image238001594.html","https://c8.alamy.com/comp/RR5WCX/fresh-tomatoes-isolated-on-white-background-RR5WCX.jpg",1300,1097,
"tomato white background stock",36,"Vine tomatoes on white background ...","https://dissolve.com/stock-photo/Vine-tomatoes-white-royalty-free-image/101-D593-18-343","https://cdn9.dissolve.com/p/D593_18_343/D593_18_343_1200.jpg",1200,900,
"tomato white background stock",37,"3D Rendering Tomato isolated on white ...","https://www.pixtastock.com/illustration/59376796","https://en.pimg.jp/059/376/796/1/59376796.jpg",450,356,
"tomato white background stock",38,"Red Tomato On White Background Stock ...","https://www.dreamstime.com/red-tomato-white-background-red-tomato-white-background-bright-healthy-tomatoes-juicy-vegetables-vegetarian-ingredient-color-image135120313","https://thumbs.dreamstime.com/z/red-tomato-white-background-red-tomato-white-background-bright-healthy-tomatoes-juicy-vegetables-vegetarian-ingredient-color-135120313.jpg",1600,1135,
"tomato white background stock",39,"Chopped Tomatoes On White Background ...","https://www.gettyimages.com/detail/photo/close-up-of-chopped-tomatoes-on-white-background-royalty-free-image/583916085","https://media.gettyimages.com/photos/closeup-of-chopped-tomatoes-on-white-background-picture-id583916085",1024,1024,
"tomato white background stock",40,"White Background Stock Photo ...","https://www.123rf.com/photo_36795265_tomato-isolated-on-white-background.html","https://previews.123rf.com/images/dimakp/dimakp1502/dimakp150200072/36795265-tomato-isolated-on-white-background.jpg",1300,966,
"tomato white background stock",41,"green tomatoes, white background ...","https://www.fotosearch.com/ULY050/u26685977/","https://fscomps.fotosearch.com/compc/ULY/ULY050/red-and-green-tomatoes-white-stock-photo__u26685977.jpg",450,357,
"tomato white background stock",42,"Cherry Tomatoes Basil White Background ...","https://depositphotos.com/204591366/stock-photo-fresh-cherry-tomatoes-basil-white.html","https://st4.depositphotos.com/10614052/20459/i/1600/depositphotos_204591366-stock-photo-fresh-cherry-tomatoes-basil-white.jpg",1600,1167,
"tomato white background stock",43,"Stock Photo | Heirloom tomatoes, White ...","https://www.pinterest.com/pin/497084877590901017/","https://i.pinimg.com/originals/17/47/ca/1747ca5f6b3d8ac715f9fda076bb45b0.jpg",1200,798,
"tomato white background stock",44,"Marmande tomatoes on white background ...","https://www.canstockphoto.com/marmande-tomatoes-on-white-background-56752955.html","https://comps.canstockphoto.com/marmande-tomatoes-on-white-background-stock-images_csp56752955.jpg",337,470,
"tomato white background stock",45,"Close up of wet red ripe tomatoes ...","https://www.fotosearch.com/UNE288/u27043867/","https://fscomps.fotosearch.com/compc/UNE/UNE288/close-up-of-wet-red-ripe-tomatoes-stock-photo__u27043867.jpg",299,470,
"tomato white background stock",46,"Bunch of cherry tomatoes on white ...","https://photodune.net/item/bunch-of-cherry-tomatoes-on-white-background/23994819","https://s3.envato.com/files/266367633/Bunch%20of%20cherry%20tomatoes%20(2).jpg",590,394,
"tomato white background stock",47,"white background Royalty Free Stock ...","https://www.yayimages.com/1081263/funny-red-tomato-with-eyes-on-white-background.html","https://image.yayimages.com/1600/photo/funny-red-tomato-with-eyes-on-white-background-4981425.jpg",1600,1148,
"tomato white background stock",48,"White Background Stock Photo ...","https://www.shutterstock.com/image-photo/tomato-isolated-on-white-background-55181581","https://image.shutterstock.com/image-photo/tomato-isolated-on-white-background-600w-55181581.jpg",600,620,
"tomato white background stock",49,"Cut red tomato on a white background ...","https://www.canstockphoto.com/cut-red-tomato-on-a-white-background-69601792.html","https://comps.canstockphoto.com/cut-red-tomato-on-a-white-background-stock-photograph_csp69601792.jpg",450,313,
"tomato white background stock",50,"Botanical watercolor illustration ...","https://www.gograph.com/illustration/botanical-watercolor-illustration-of-whole-and-gg100957653.html","https://comps.gograph.com/botanical-watercolor-illustration-of-whole-and-cut-tomato-on-white-background_gg100957653.jpg",450,320,
"tomato white background stock",51,"Tomato White Background Stock Photo ...","https://www.istockphoto.com/photo/tomato-white-background-gm520877182-91142213","https://media.istockphoto.com/photos/tomato-white-background-picture-id520877182",1024,682,
"tomato white background stock",52,"Red chili pepper, cucumber and tomato ...","https://stockfresh.com/image/7486663/red-chili-pepper-cucumber-and-tomato-on-white-background","https://img3.stockfresh.com/files/a/artjazz/m/11/7486663_stock-photo-red-chili-pepper-cucumber-and-tomato-on-white-background.jpg",600,600,
"tomato white background stock",53,"Tomato Varieties Isolated On White ...","https://www.gettyimages.com/detail/photo/tomato-varieties-isolated-on-white-background-royalty-free-image/918150668","https://media.gettyimages.com/photos/tomato-varieties-isolated-on-white-background-picture-id918150668",1024,682,
"tomato white background stock",54,"Stack of fresh heirloom tomatoes ...","https://www.alamy.com/stock-image-stack-of-fresh-heirloom-tomatoes-isolated-on-white-background-168053396.html","https://c8.alamy.com/comp/KNBDR0/stack-of-fresh-heirloom-tomatoes-isolated-on-white-background-KNBDR0.jpg",895,1390,
"tomato white background stock",55,"Cross section of ripe tomato on white ...","https://focusedcollection.com/191387178/stock-photo-cross-section-ripe-tomato-white.html","https://st.focusedcollection.com/14916868/i/1800/focused_191387178-stock-photo-cross-section-ripe-tomato-white.jpg",1800,1200,
"tomato white background stock",56,"tomato isolated on the white background ...","https://www.twenty20.com/photos/62b46865-6bb7-40ef-9034-49751bef4fe9","https://res.cloudinary.com/twenty20/private_images/t_watermark-criss-cross-10/v1543927035000/photosp/62b46865-6bb7-40ef-9034-49751bef4fe9/stock-photo-tomato-heirloom-isolated-white-tomatoes-background-red-vegetable-food-ripe-fresh-beefsteak-healthy-organic-view-top-ugly-imperfect-natural-large-freshness-fruit-delicious-vegetarian-produce-big-62b46865-6bb7-40ef-9034-49751bef4fe9.jpg",640,630,
"tomato white background stock",57,"White Background Stock Photo ...","https://www.123rf.com/photo_93875709_cherry-tomato-isolated-on-white-background.html","https://previews.123rf.com/images/novazaigen/novazaigen1801/novazaigen180100498/93875709-cherry-tomato-isolated-on-white-background.jpg",1300,1300,
"tomato white background stock",58,"Watercolor drawing kids cartoon tomato ...","https://www.gograph.com/illustration/watercolor-drawing-kids-cartoon-tomato-on-white-gg75973258.html","https://comps.gograph.com/watercolor-drawing-kids-cartoon-tomato-on-white-background_gg75973258.jpg",450,470,
"tomato white background stock",59,"Tomato Basil And Mozzarella On A White ...","https://www.dreamstime.com/tomato-basil-mozzarella-white-background-italian-cheese-tomatos-caprese-salad-ingridients-image136779127","https://thumbs.dreamstime.com/z/tomato-basil-mozzarella-white-background-italian-cheese-tomatos-caprese-salad-ingridients-136779127.jpg",1600,1239,
"tomato white background stock",60,"Cherry tomatoes in a canvas bag on a ...","https://www.fotosearch.com/CSP990/k11365328/","https://fscomps.fotosearch.com/compc/CSP/CSP990/cherry-tomatoes-in-a-canvas-bag-on-a-stock-photo__k11365328.jpg",450,432,
"tomato white background stock",61,"drops isolated on white background ...","https://depositphotos.com/122755976/stock-photo-tomato-with-drops-isolated-on.html","https://st2.depositphotos.com/1434090/12275/i/950/depositphotos_122755976-stock-photo-tomato-with-drops-isolated-on.jpg",1024,1024,
"tomato white background stock",62,"cherry tomatoes isolated on white ...","https://stockagency.panthermedia.net/m/stock-photos/24126106/cherry-tomatoes-isolated-on-white-background/","https://mh-2-stockagency.panthermedia.net/media/previews/0024000000/24126000/~cherry-tomatoes-isolated-on-white-background_24126106_high.jpg",1400,983,
"tomato white background stock",63,"Tomato plant tomato white background ...","https://www.agefotostock.com/age/en/Stock-Images/tomato-plant-tomato-white-background.html","https://t1.thpservices.com/previewimage/gallil/25efaae6875f8c21c83ca9aa4a70c4cd/esy-048311768.jpg",640,467,
"tomato white background stock",64,"Green Tomatoes Isolated On White ...","https://www.istockphoto.com/photo/green-tomatoes-isolated-on-white-background-gm1044769852-279617779","https://media.istockphoto.com/photos/green-tomatoes-isolated-on-white-background-picture-id1044769852",1024,682,
"tomato white background stock",65,"Ripe tomatoes on white background. A ...","https://www.canstockphoto.com/ripe-tomatoes-on-white-background-54787139.html","https://comps.canstockphoto.com/ripe-tomatoes-on-white-background-stock-photos_csp54787139.jpg",450,320,
"tomato white background stock",66,"Cycle of growth of a tomato plant ...","https://www.pinterest.com/pin/142778250672861014/","https://i.pinimg.com/originals/50/0d/cb/500dcb87375137bf27d844501d65c0a5.jpg",1300,542,
"tomato white background stock",67,"Halved Cherry Tomatoes White Background ...","https://www.gettyimages.com/photos/halved-cherry-tomatoes-white-background","https://media.gettyimages.com/photos/directly-above-view-of-cherry-tomatoes-in-bowl-on-white-background-picture-id1176793311?s=612x612",612,459,
"tomato white background stock",68,"whole fresh red tomato cluster isolated ...","https://www.alamy.com/lot-of-whole-fresh-red-tomato-cluster-isolated-on-white-background-image329183027.html","https://c8.alamy.com/comp/2A3FG8K/lot-of-whole-fresh-red-tomato-cluster-isolated-on-white-background-2A3FG8K.jpg",1300,956,
"tomato white background stock",69,"Cherry tomatoes on vine on white ...","https://focusedcollection.com/160557854/stock-photo-cherry-tomatoes-vine-white-background.html","https://st.focusedcollection.com/13422768/i/1800/focused_160557854-stock-photo-cherry-tomatoes-vine-white-background.jpg",1434,1800,
"tomato white background stock",70,"Tomato plant tomato white background ...","https://www.agefotostock.com/age/en/Stock-Images/tomato-plant-tomato-white-background.html","https://t1.thpservices.com/previewimage/gallil/744c9eddb99db1190bc263b7efd05d93/wes-csf019921.jpg",640,467,
"tomato white background stock",71,"Tomatoes On A White Background Stock ...","https://www.dreamstime.com/tomatoes-white-background-red-lined-triangle-isolated-six-image172441631","https://thumbs.dreamstime.com/z/tomatoes-white-background-red-lined-triangle-isolated-six-172441631.jpg",1600,1155,
"tomato white background stock",72,"Homemade Tomato Soup on white ...","https://www.photocase.com/photos/3473212-homemade-tomato-soup-on-white-background-soup-tomato-food-photocase-stock-photo","https://www.photocase.com/photos/3473212-homemade-tomato-soup-on-white-background-soup-tomato-food-photocase-stock-photo-large.jpeg",800,582,
"tomato white background stock",73,"Tomatoes in a basket on a white ...","https://www.fotosearch.com/CSP864/k8643801/","https://fscomps.fotosearch.com/compc/CSP/CSP864/tomatoes-in-a-basket-on-a-white-stock-image__k8643801.jpg",450,319,
"tomato white background stock",74,"Homemade Tomato Soup on white ...","https://www.photocase.com/photos/3473208-homemade-tomato-soup-on-white-background-soup-tomato-food-photocase-stock-photo","https://www.photocase.com/photos/3473208-homemade-tomato-soup-on-white-background-soup-tomato-food-photocase-stock-photo-large.jpeg",533,849,
"tomato white background stock",75,"A Tomato Plant on White Background ...","https://www.pixtastock.com/illustration/41697190","https://encrypted-tbn0.gstatic.com/images?q=tbn%3AANd9GcS0I36RrrWI1qpKFQatKv54ubfgICULQ-DT3-GLALXc25U_KGIM&usqp=CAU",338,450,
"tomato white background stock",76,"tomato isolated on a white background ...","https://www.canstockphoto.com/half-of-tomato-isolated-on-a-white-59261538.html","https://comps.canstockphoto.com/half-of-tomato-isolated-on-a-white-stock-photos_csp59261538.jpg",450,368,
"tomato white background stock",77,"Diced Tomato Clipart","https://www.clipart.email/clipart/diced-tomato-clipart-263542.html","https://cdn.clipart.email/403bb7ef7f83e23316a9c82591ef5834_chopped-tomatoes-on-white-background-stock-image-image-of-circle-_1300-957.jpeg",1300,957,
"tomato white background stock",78,"Tomato Sauce With Fresh Ripe Tomatoes ...","https://www.istockphoto.com/photo/tomato-sauce-with-fresh-ripe-tomatoes-isolated-on-white-background-gm1034431294-276955487","https://media.istockphoto.com/photos/tomato-sauce-with-fresh-ripe-tomatoes-isolated-on-white-background-picture-id1034431294",1024,682,
"tomato white background stock",79,"One red cherry tomato half with seeds ...","https://www.alamy.com/one-red-cherry-tomato-half-with-seeds-and-one-whole-with-green-top-isolated-on-white-background-image212569795.html","https://c8.alamy.com/comp/P9RAXB/one-red-cherry-tomato-half-with-seeds-and-one-whole-with-green-top-isolated-on-white-background-P9RAXB.jpg",1300,1167,
"tomato white background stock",80,"Red And Yellow Cherry Tomatoes On White ...","https://www.123rf.com/photo_91995117_red-and-yellow-cherry-tomatoes-on-white-background.html","https://previews.123rf.com/images/gabrielabertolini/gabrielabertolini1712/gabrielabertolini171200122/91995117-red-and-yellow-cherry-tomatoes-on-white-background.jpg",1300,866,
"tomato white background stock",81,"Tomato sauce isolated on the white ...","https://www.twenty20.com/photos/afa9a5b6-5e2b-4ff0-99f1-7570faa03097","https://res.cloudinary.com/twenty20/private_images/t_watermark-criss-cross-10/v1544077551000/photosp/afa9a5b6-5e2b-4ff0-99f1-7570faa03097/stock-photo-sauce-isolated-tomato-white-background-ketchup-splash-bbq-red-food-closeup-healthy-natural-fresh-vegetable-nutrition-ingredient-vegetarian-dish-bottle-spice-paste-texture-barbecue-macro-cross-square-set-collection-afa9a5b6-5e2b-4ff0-99f1-7570faa03097.jpg",640,585,
"tomato white background stock",82,"Tomato Varieties Isolated On White ...","https://www.gettyimages.com/detail/photo/tomato-varieties-isolated-on-white-background-royalty-free-image/918150610","https://media.gettyimages.com/photos/tomato-varieties-isolated-on-white-background-picture-id918150610",1024,683,
"tomato white background stock",83,"Hand Drawn Colored Tomatoes Set ...","https://www.crushpixel.com/stock-vector/hand-drawn-colored-tomatoes-set-944335.html","https://www.crushpixel.com/static12/preview2/hand-drawn-colored-tomatoes-set-944335.jpg",500,500,
"tomato white background stock",84,"Fresh Red Tomato White Background ...","https://depositphotos.com/258574242/stock-photo-fresh-red-tomato-white-background.html","https://st4.depositphotos.com/20524830/25857/i/1600/depositphotos_258574242-stock-photo-fresh-red-tomato-white-background.jpg",1600,1362,
"tomato white background stock",85,"Diced Tomato Clipart","https://www.clipart.email/clipart/diced-tomato-clipart-263542.html","https://cdn.clipart.email/5fa29238b0f2eb675498164ed73113ee_diced-tomato-isolated-on-white-background-stock-image-image-of-_1300-957.jpeg",1300,957,
"tomato white background stock",86,"Sliced cherry tomato close up, isolated ...","https://stockfresh.com/image/1700198/sliced-cherry-tomato-close-up-isolated-on-white-background","https://img3.stockfresh.com/files/c/calvste/m/19/1700198_stock-photo-sliced-cherry-tomato-close-up-isolated-on-white-background.jpg",600,398,
"tomato white background stock",87,"Cherry Tomato on white background Stock ...","https://www.fotosearch.com/CSP990/k5779949/","https://fscomps.fotosearch.com/compc/CSP/CSP990/cherry-tomato-on-white-background-stock-photo__k5779949.jpg",301,470,
"tomato white background stock",88,"Grilled tomatoes and peppers on white ...","https://focusedcollection.com/147733041/stock-photo-grilled-tomatoes-peppers-white-background.html","https://st.focusedcollection.com/11312302/i/1800/focused_147733041-stock-photo-grilled-tomatoes-peppers-white-background.jpg",1800,1575,
"tomato white background stock",89,"Tomato White Images, Stock Photos ...","https://www.shutterstock.com/search/tomato+white","https://image.shutterstock.com/image-photo/tomato-isolated-on-white-background-260nw-1594559167.jpg",254,280,
"tomato white background stock",90,"Tomatoes white background. Group ...","https://www.canstockphoto.com/tomatoes-white-background-47516250.html","https://comps.canstockphoto.com/tomatoes-white-background-stock-images_csp47516250.jpg",450,357,
"tomato white background stock",91,"Tomatoes. Abstract Background. Tomato ...","https://www.dreamstime.com/stock-photo-seamless-pattern-tomatoes-abstract-background-tomato-white-background-image92043551","https://thumbs.dreamstime.com/z/seamless-pattern-tomatoes-abstract-background-tomato-white-background-92043551.jpg",1300,1390,
"tomato white background stock",92,"Green Tomato On White Background Stock ...","https://www.123rf.com/photo_43104682_green-tomato-on-white-background.html","https://previews.123rf.com/images/kzwwsko/kzwwsko1508/kzwwsko150800568/43104682-green-tomato-on-white-background.jpg",1300,1027,
"tomato white background stock",93,"Clip Art Vector - Rotten tomato on ...","https://www.gograph.com/clipart/rotten-tomato-on-white-background-gg90557002.html","https://comps.gograph.com/rotten-tomato-on-white-background_gg90557002.jpg",450,401,
"tomato white background stock",94,"Tomato Brandywine Pink | White Flower Farm","https://www.whiteflowerfarm.com/4971-product.html","https://www.whiteflowerfarm.com/mas_assets/cache/image/6/8/1/a/26650.Jpg",1000,1000,
"tomato white background stock",95,"whole red tomato cherry isolated on ...","https://www.alamy.com/group-of-whole-red-tomato-cherry-isolated-on-white-background-image212570217.html","https://c8.alamy.com/comp/P9RBDD/group-of-whole-red-tomato-cherry-isolated-on-white-background-P9RBDD.jpg",1300,1134,
"tomato white background stock",96,"Tomato White Background Stock Pictures ...","https://www.gettyimages.com/photos/tomato-white-background","https://media.gettyimages.com/photos/fruits-and-vegetables-isolated-on-a-white-background-picture-id1221227410?s=612x612",612,408,
"tomato white background stock",97,"Close Tomato White Background — Stock ...","https://depositphotos.com/234703854/stock-photo-close-tomato-white-background.html","https://st4.depositphotos.com/1024749/23470/i/1600/depositphotos_234703854-stock-photo-close-tomato-white-background.jpg",1600,1418,
"tomato white background stock",98,"Tomato Varieties Isolated On White ...","https://www.istockphoto.com/photo/tomato-varieties-isolated-on-white-background-gm918114444-252563499","https://media.istockphoto.com/photos/tomato-varieties-isolated-on-white-background-picture-id918114444",682,1024,