"search_parameters.q","image_results.position","image_results.title","image_results.link","image_results.image","image_results.width","image_results.height","image_results.image_type"
"cauliflower white background",1,"Cauliflower White Background Images ...","https://www.shutterstock.com/search/cauliflower+white+background","https://image.shutterstock.com/image-photo/fresh-cauliflower-on-white-background-260nw-308183120.jpg",300,280,
"cauliflower white background",2,"White Background Stock Photo ...","https://www.istockphoto.com/photo/cauliflower-on-white-background-gm465274933-33291378","https://media.istockphoto.com/photos/cauliflower-on-white-background-picture-id465274933",1024,683,
"cauliflower white background",3,"White Background Stock Photo ...","https://www.123rf.com/photo_92580844_cauliflower-vegetable-isolated-on-white-background.html","https://previews.123rf.com/images/boonchuay/boonchuay1801/boonchuay180100015/92580844-cauliflower-vegetable-isolated-on-white-background.jpg",1300,967,
"cauliflower white background",4,"White Background. Stock Photo ...","https://www.123rf.com/photo_73519040_cauliflower-on-white-background-.html","https://previews.123rf.com/images/posinote/posinote1702/posinote170200282/73519040-cauliflower-on-white-background-.jpg",1300,864,
"cauliflower white background",5,"isolated on white background ...","https://www.pinterest.com/pin/841117667891417196/","https://i.pinimg.com/474x/ff/73/8f/ff738f603cdebc24ff07dd66cd67f4e3.jpg",473,382,
"cauliflower white background",6,"Cauliflower isolated on white ...","https://www.colourbox.com/image/cauliflower-isolated-on-white-background-image-1524234","https://d2gg9evh47fn9z.cloudfront.net/800px_COLOURBOX1524234.jpg",800,736,
"cauliflower white background",7,"Fresh cauliflower isolated over a white ...","https://www.freepik.com/premium-photo/fresh-cauliflower-isolated-white-background_4444079.htm","https://image.freepik.com/free-photo/fresh-cauliflower-isolated-white-background_33736-2684.jpg",626,626,
"cauliflower white background",8,"Cauliflower On White Background Stock ...","https://www.dreamstime.com/cauliflower-white-background-image111415501","https://thumbs.dreamstime.com/z/cauliflower-white-background-111415501.jpg",1300,957,
"cauliflower white background",9,"White Background Stock Photo ...","https://www.123rf.com/photo_15543062_still-life-cauliflower-on-a-white-background.html","https://previews.123rf.com/images/dimakp/dimakp1210/dimakp121000095/15543062-still-life-cauliflower-on-a-white-background.jpg",1300,1176,
"cauliflower white background",10,"isolated on white background ...","https://depositphotos.com/122604726/stock-photo-cauliflower-isolated-on-white-background.html","https://st2.depositphotos.com/1223667/12260/i/950/depositphotos_122604726-stock-photo-cauliflower-isolated-on-white-background.jpg",1024,1024,
"cauliflower white background",11,"Fresh broccoli and cauliflower isolated ...","https://www.alamy.com/fresh-broccoli-and-cauliflower-isolated-on-white-background-close-up-selective-soft-focus-text-copy-space-image352074590.html","https://c8.alamy.com/comp/2BCPAME/fresh-broccoli-and-cauliflower-isolated-on-white-background-close-up-selective-soft-focus-text-copy-space-2BCPAME.jpg",1300,956,
"cauliflower white background",12,"fresh cauliflower isolated on a white ...","https://stock.adobe.com/images/fresh-cauliflower-isolated-on-a-white-background/66881573","https://as2.ftcdn.net/jpg/00/66/88/15/500_F_66881573_k3EP1hJCw9O6nQ7a4uFBd8lyOU98dZUD.jpg",500,439,
"cauliflower white background",13,"Cauliflower cabbage isolated on white ...","https://photodune.net/item/cauliflower-cabbage-isolated-on-white-background/21578927","https://s3.envato.com/files/242932242/DSC_7354.JPG",590,394,
"cauliflower white background",14,"Fresh cauliflower white background ...","https://creativemarket.com/Pakorn/3739864-Fresh-cauliflower-white-background","https://cmkt-image-prd.freetls.fastly.net/0.1.0/ps/6323578/910/910/m2/fpnw/wm1/iuhrpu38eljdzbkqo7enghrhpjongdmuo4ubygcygttmjdszn9xfqnw6os6c6q3o-.jpg?1556700815&s=d4b4f95fd25a3c29505817b71e067557",1820,1820,
"cauliflower white background",15,"White Background Stock Photo ...","https://www.istockphoto.com/photo/cauliflower-isolated-on-white-background-gm890028234-246661833","https://media.istockphoto.com/photos/cauliflower-isolated-on-white-background-picture-id890028234",1024,768,
"cauliflower white background",16,"Isolated White Background Clipping Path ...","https://depositphotos.com/201767018/stock-photo-fresh-cauliflower-isolated-white-background.html","https://st4.depositphotos.com/1013453/20176/i/1600/depositphotos_201767018-stock-photo-fresh-cauliflower-isolated-white-background.jpg",1600,1184,
"cauliflower white background",17,"Fresh cauliflower isolated over a white ...","https://www.freepik.com/premium-photo/fresh-cauliflower-isolated-white-background_4539383.htm","https://image.freepik.com/free-photo/fresh-cauliflower-isolated-white-background_33736-2882.jpg",626,626,
"cauliflower white background",18,"White Background Stock Photo ...","https://www.123rf.com/photo_96898729_fresh-cauliflower-isolated-on-white-background.html","https://previews.123rf.com/images/kariphoto/kariphoto1803/kariphoto180300060/96898729-fresh-cauliflower-isolated-on-white-background.jpg",1300,861,
"cauliflower white background",19,"Cauliflower On White Background Stock ...","https://www.dreamstime.com/cauliflower-white-background-clipping-path-cauliflower-white-background-image109470967","https://thumbs.dreamstime.com/z/cauliflower-white-background-clipping-path-cauliflower-white-background-109470967.jpg",1300,1136,
"cauliflower white background",20,"white background Stock Photo ...","https://www.alamy.com/single-cauliflower-isolated-on-white-background-image262992104.html","https://c8.alamy.com/comp/W7T934/single-cauliflower-isolated-on-white-background-W7T934.jpg",1300,1249,
"cauliflower white background",21,"Fresh cauliflower white background ...","https://creativemarket.com/Pakorn/3739861-Fresh-cauliflower-white-background","https://cmkt-image-prd.freetls.fastly.net/0.1.0/ps/6323575/910/910/m2/fpnw/wm1/akmeosgun3uejrbpzfskjgviwsg00o2yrlq7gvih2cu8p8cjtfc4ocny9zckvzmw-.jpg?1556700796&s=bf59053c4fa61076d4ff60e688489502",1820,1820,
"cauliflower white background",22,"White Background Stock Photo ...","https://www.istockphoto.com/photo/cauliflower-isolated-on-white-background-gm1166793458-321542842","https://media.istockphoto.com/photos/cauliflower-isolated-on-white-background-picture-id1166793458",1024,704,
"cauliflower white background",23,"Cauliflower isolated on white background.","https://www.canstockphoto.com/cauliflower-isolated-on-white-background-12022850.html","https://comps.canstockphoto.com/cauliflower-isolated-on-white-background-clipart-vector_csp12022850.jpg",450,451,
"cauliflower white background",24,"Cauliflower White Background Images ...","https://www.shutterstock.com/search/cauliflower+white+background","https://image.shutterstock.com/image-photo/fresh-cauliflower-isolated-on-white-260nw-1673320495.jpg",391,280,
"cauliflower white background",25,"white background Stock Photo ...","https://photodune.net/item/broccoli-and-cauliflower-isolated-on-white-background/21578924","https://s3.envato.com/files/242932239/DSC_7361.JPG",590,394,
"cauliflower white background",26,"White Background Vector Image","https://www.vectorstock.com/royalty-free-vector/fresh-white-cauliflower-on-a-white-background-vector-2000440","https://cdn1.vectorstock.com/i/1000x1000/04/40/fresh-white-cauliflower-on-a-white-background-vector-2000440.jpg",989,1080,
"cauliflower white background",27,"Close up of fresh whole cauliflower on ...","https://www.flickr.com/photos/30478819@N08/45449596004","https://live.staticflickr.com/4865/45449596004_06ab8776a2_b.jpg",1024,683,
"cauliflower white background",28,"White Background. Stock Photo ...","https://www.123rf.com/photo_73519102_cauliflower-on-white-background-.html","https://previews.123rf.com/images/posinote/posinote1702/posinote170200201/73519102-cauliflower-on-white-background-.jpg",1300,864,
"cauliflower white background",29,"Cauliflower Isolated White Background ...","https://depositphotos.com/236304952/stock-photo-cauliflower-isolated-white-background.html","https://st4.depositphotos.com/15737348/23630/i/1600/depositphotos_236304952-stock-photo-cauliflower-isolated-white-background.jpg",1600,1520,
"cauliflower white background",30,"Cauliflower isolated on white ...","https://www.canstockphoto.com/cauliflower-isolated-on-white-71183635.html","https://comps.canstockphoto.com/cauliflower-isolated-on-white-stock-photos_csp71183635.jpg",450,470,
"cauliflower white background",31,"Fresh cauliflower white background ...","https://creativemarket.com/Pakorn/3739862-Fresh-cauliflower-white-background","https://cmkt-image-prd.freetls.fastly.net/0.1.0/ps/6323576/910/607/m2/fpnw/wm1/ef5qio4dhkgblqgahr9zly7vwvnymc2jnuntd3jk8ykqa0auqyqh6dzir2rhq5w1-.jpg?1556700801&s=ff1bed2112ef6979c35547e123513abb",1820,1214,
"cauliflower white background",32,"Fresh cauliflower isolated on white ...","https://stock.adobe.com/images/fresh-cauliflower-isolated-on-white-background/199617663","https://as1.ftcdn.net/jpg/01/99/61/76/500_F_199617663_2pt4x8vhp44oyUBEOJCInqr8NYBwy5Fr.jpg",500,392,
"cauliflower white background",33,"white background Stock Photo ...","https://www.alamy.com/cauliflower-isolated-on-white-background-image156092681.html","https://c8.alamy.com/comp/K1XHPH/cauliflower-isolated-on-white-background-K1XHPH.jpg",1300,1314,
"cauliflower white background",34,"Free Stock Photo 11814 Whole white ...","https://www.freeimageslive.co.uk/free_stock_image/whole-cauliflower-jpg","https://www.freeimageslive.co.uk/image/view/11814/_original",3500,2329,
"cauliflower white background",35,"cauliflower on white background ...","https://focusedcollection.com/180576686/stock-photo-close-view-cauliflower-white-background.html","https://st.focusedcollection.com/13422768/i/1800/focused_180576686-stock-photo-close-view-cauliflower-white-background.jpg",1800,1800,
"cauliflower white background",36,"Cauliflower White Images, Stock Photos ...","https://www.shutterstock.com/search/cauliflower+white","https://image.shutterstock.com/image-photo/fresh-cauliflower-front-white-background-260nw-1671547627.jpg",355,280,
"cauliflower white background",37,"Cauliflower Against White Background ...","https://www.gettyimages.co.uk/detail/photo/close-up-of-cauliflower-against-white-background-royalty-free-image/1126428126","https://media.gettyimages.com/photos/closeup-of-cauliflower-against-white-background-picture-id1126428126",1024,826,
"cauliflower white background",38,"Yellow cauliflower on white background ...","https://www.pinterest.com/pin/771663717380794405/","https://i.pinimg.com/736x/43/58/86/43588619e981fab31ae3fe584ffaafbc.jpg",590,333,
"cauliflower white background",39,"Cauliflower On White Background Stock ...","https://www.dreamstime.com/cauliflower-white-background-clipping-path-cauliflower-white-background-image109460155","https://thumbs.dreamstime.com/z/cauliflower-white-background-clipping-path-cauliflower-white-background-109460155.jpg",1300,1281,
"cauliflower white background",40,"White Background Vector Image","https://www.vectorstock.com/royalty-free-vector/fresh-white-cauliflower-on-a-white-background-vector-2000430","https://cdn1.vectorstock.com/i/1000x1000/04/30/fresh-white-cauliflower-on-a-white-background-vector-2000430.jpg",1000,893,
"cauliflower white background",41,"Pink cauliflower on white background ...","https://focusedcollection.com/180575770/stock-photo-pink-cauliflower-white-background.html","https://st.focusedcollection.com/13422768/i/1800/focused_180575770-stock-photo-pink-cauliflower-white-background.jpg",1800,1800,
"cauliflower white background",42,"Cauliflower Download Png Image ...","https://www.pngitem.com/middle/iJmmbwR_cauliflower-download-png-image-cauliflower-white-background-transparent/","https://www.pngitem.com/pimgs/m/293-2930503_cauliflower-download-png-image-cauliflower-white-background-transparent.png",860,586,
"cauliflower white background",43,"isolated on white background Picture ...","https://www.fotosearch.ca/CSP721/k29507704/","https://fscomps.fotosearch.com/compc/CSP/CSP721/cauliflower-isolated-on-white-background-picture__k29507704.jpg",450,405,
"cauliflower white background",44,"Cauliflower Isolated Image & Photo ...","https://www.bigstockphoto.com/image-339756574/stock-photo-cauliflower-isolated-on-white-background-head-of-cauliflower","https://static2.bigstockphoto.com/9/3/3/large2/339756574.jpg",450,320,
"cauliflower white background",45,"White Cauliflower PNG Free Background","http://www.pngnames.com/image/150062","http://www.pngnames.com/files/6/White-Cauliflower-PNG-Free-Background.png",1400,1120,
"cauliflower white background",46,"white background Royalty Free Stock ...","https://www.yayimages.com/26823646/fresh-cauliflower-on-white-background.html","https://image.yayimages.com/1600/photo/fresh-cauliflower-on-white-background-199751994.jpg",1600,1228,
"cauliflower white background",47,"100+ Cauliflower Isolated On A White ...","https://iconscout.com/photos/Cauliflower-isolated-on-a-white-background","https://cdnp.iconscout.com/photo/free/thumb/cauliflower-isolated-on-a-white-background-1844422-1562835.jpg",732,450,
"cauliflower white background",48,"White Background Stock Photo ...","https://www.123rf.com/photo_83778631_cauliflower-on-white-background.html","https://previews.123rf.com/images/niccp/niccp1708/niccp170800009/83778631-cauliflower-on-white-background.jpg",1300,974,
"cauliflower white background",49,"Roman cauliflower isolated on white ...","https://www.yayimages.com/28168142/roman-cauliflower-isolated-on-white-background-it-is-an-edible.html","https://image.yayimages.com/1600/photo/roman-cauliflower-isolated-on-white-background-it-is-an-edible-210876254.jpg",1600,1067,
"cauliflower white background",50,"Yellow cauliflower on white background ...","https://www.fotosearch.com/ULY192/u14001118/","https://fscomps.fotosearch.com/compc/ULY/ULY192/yellow-cauliflower-on-white-background-stock-photo__u14001118.jpg",450,357,
"cauliflower white background",51,"Raw Cauliflower White Background Stock ...","https://www.shutterstock.com/image-photo/raw-cauliflower-white-background-733454428","https://image.shutterstock.com/image-photo/raw-cauliflower-white-background-600w-733454428.jpg",600,420,
"cauliflower white background",52,"Cauliflower 101: Everything You Need To ...","https://www.liveeatlearn.com/cauliflower/","https://www.liveeatlearn.com/wp-content/uploads/2019/10/cauliflower-photo-3.jpg",1000,468,
"cauliflower white background",53,"Fresh cauliflower white background ...","https://creativemarket.com/Pakorn/3739865-Fresh-cauliflower-white-background","https://cmkt-image-prd.freetls.fastly.net/0.1.0/ps/6323579/910/607/m2/fpnw/wm1/zqulr8stddwyagaqzdusgyawm8wtwz6cy4aj7bon7glpneu9cgsuk0gnawyn4fbe-.jpg?1556700819&s=634cbc4a28df6d7da3cd6bb462829bb6",1820,1214,
"cauliflower white background",54,"white background stock photo ...","https://stockfresh.com/image/9003495/broccoli-and-cauliflower-isolated-on-white-background","https://img3.stockfresh.com/files/k/kenishirotie/m/99/9003495_stock-photo-broccoli-and-cauliflower-isolated-on-white-background.jpg",600,400,
"cauliflower white background",55,"Cauliflower Background on HipWallpaper ...","https://hipwallpaper.com/cauliflower-backgrounds/","https://cdn.hipwallpaper.com/i/43/41/CtOvmP.jpg",1300,957,
"cauliflower white background",56,"Isolated White Background - Stock Photo ...","https://www.pinterest.com/pin/740771838692932479/","https://i.pinimg.com/originals/cd/31/77/cd31777b64b64c644da641fda626d56e.jpg",1024,680,
"cauliflower white background",57,"white background. Cauliflower isolated ...","https://www.canstockphoto.com/cauliflower-isolated-on-white-background-73314377.html","https://comps.canstockphoto.com/cauliflower-isolated-on-white-background-picture_csp73314377.jpg",450,329,
"cauliflower white background",58,"Romanesco broccoli Roman cauliflower ...","https://en.clipdealer.com/photo/media/A:94989263","https://images.assetsdelivery.com/compings_v2/oqba/oqba1802/oqba180200009.jpg",450,300,
"cauliflower white background",59,"romanesco-broccoli-cauliflower-white ...","http://thecomputationalage.com/index.php/2017/06/01/wonder-in-a-universe-inlaid-with-spirals/romanesco-broccoli-cauliflower-white-background-also-known-as-vegetable-s-spikes-have-naturally-occurring-53437820/","https://i0.wp.com/thecomputationalage.com/wp-content/uploads/2017/05/romanesco-broccoli-cauliflower-white-background-also-known-as-vegetable-s-spikes-have-naturally-occurring-53437820.jpg?fit=1300%2C1034",1300,1034,
"cauliflower white background",60,"White Background Stock Photos ...","https://www.freeimages.com/premium/cauliflower-isolated-on-white-background-821229","https://images.freeimages.com/images/premium/previews/5134/51343488-cauliflower-isolated-on-white-background.jpg",496,439,
"cauliflower white background",61,"White Background Stock Photo ...","http://www.freedigitalphotos.net/images/cauliflower-isolated-on-white-background-photo-p231328","http://www.freedigitalphotos.net/images/previews/cauliflower-isolated-on-white-background-100231328.jpg",400,362,
"cauliflower white background",62,"Cauliflower Against White Background ...","https://www.gettyimages.ae/detail/photo/close-up-of-cauliflower-against-white-background-royalty-free-image/914230854","https://media.gettyimages.com/photos/closeup-of-cauliflower-against-white-background-picture-id914230854",1024,683,
"cauliflower white background",63,"Cauliflower on white background ...","https://www.freepik.com/premium-photo/cauliflower-white-background_2691573.htm","https://image.freepik.com/free-photo/cauliflower-white-background_55883-101.jpg",626,495,
"cauliflower white background",64,"White Background Stock Photo - Download ...","https://www.istockphoto.com/photo/cauliflower-isolated-on-white-background-gm1031326248-276267996","https://media.istockphoto.com/photos/cauliflower-isolated-on-white-background-picture-id1031326248",1024,682,
"cauliflower white background",65,"isolated white background ...","https://iconscout.com/photo/cauliflower-on-isolated-white-background-with-space-for-text-1852020","https://cdnp.iconscout.com/photo/free/preview/cauliflower-on-isolated-white-background-with-space-for-text-1852020-1569434.jpg",1500,1101,
"cauliflower white background",66,"Yellow cauliflower on white background ...","https://dissolve.com/stock-photo/Yellow-cauliflower-white-royalty-free-image/101-D1028-45-964","https://cdn6.dissolve.com/p/D1028_45_964/D1028_45_964_1200.jpg",900,1200,
"cauliflower white background",67,"Cauliflower Cabbage Isolated On White ...","https://glstock.com/graphic/cauliflower-cabbage-isolated-on-white-background-3978/","https://cloud.glstock.com/28625/700502/cauliflower-cabbage-isolated-on-white-background.jpg",500,500,
"cauliflower white background",68,"How to Make Cauliflower Rice ...","https://loveleafco.com/make-cauliflower-rice/","http://loveleafco.com/wp-content/uploads/2017/08/how-to-make-cauliflower-rice-loveleaf-co-01-1-683x1024.jpg",683,1024,
"cauliflower white background",69,"Stock Illustration ...","https://www.pixtastock.com/illustration/43437571","https://en.pimg.jp/043/437/571/1/43437571.jpg",450,468,
"cauliflower white background",70,"Cauliflower Isolated Image & Photo ...","https://www.bigstockphoto.com/image-338924434/stock-photo-cauliflower-isolated-on-white-background-head-of-cauliflower","https://static2.bigstockphoto.com/8/3/3/large1500/338924434.jpg",1500,1120,
"cauliflower white background",71,"Vector Clipart - Cauliflower isolated ...","https://www.gograph.com/clipart/cauliflower-isolated-on-white-background-vector-gg98945166.html","https://comps.gograph.com/cauliflower-isolated-on-white-background-vector_gg98945166.jpg",450,470,
"cauliflower white background",72,"plate on white background with napkin ...","https://focusedcollection.com/181902992/stock-photo-cauliflower-plate-white-background-napkin.html","https://st.focusedcollection.com/14026668/i/1800/focused_181902992-stock-photo-cauliflower-plate-white-background-napkin.jpg",1200,1800,
"cauliflower white background",73,"Western blue flower green cauliflower ...","https://pikbest.com/photo/western-blue-flower-green-cauliflower-white-background-vegetable-food-photography-picture_1303079.html","https://pic.pikbest.com/01/47/40/99g888piCRr8.jpg-0.jpg!bw700",700,1053,
"cauliflower white background",74,"Purple cauliflower on white background ...","https://www.picfair.com/pics/06196514-purple-cauliflower-on-white-background","https://res.cloudinary.com/fleetnation/image/private/c_fit,w_1120/g_south,l_text:style_gothic2:%C2%A9%20Tetra%20Images,o_20,y_10/g_center,l_watermark4,o_25,y_50/v1515968406/srzqcd6ver1kfpepior6.jpg",1120,840,
"cauliflower white background",75,"How to Cook Cauliflower - Delicious ...","https://deliciouslittlebites.com/how-to-cook-cauliflower/","http://deliciouslittlebites.com/wp-content/uploads/2019/05/How-to-Cook-Cauliflower-Pictures-3-2.jpg",760,1140,
"cauliflower white background",76,"White Background Stock Photo ...","http://www.freedigitalphotos.net/cauliflower-isolated-on-the-white-background-photo-p420352","http://www.freedigitalphotos.net/images/previews/cauliflower-isolated-on-the-white-background-100420352.jpg",400,308,
"cauliflower white background",77,"White Background Stock Photos ...","https://www.dreamstime.com/photos-images/cauliflower-white-background.html","https://thumbs.dreamstime.com/b/cauliflower-white-background-cauliflower-white-background-174729928.jpg",800,561,
"cauliflower white background",78,"Purple cauliflower on white background ...","https://en.clipdealer.com/photo/media/A:25017291","https://images.assetsdelivery.com/compings_v2/popovaphoto/popovaphoto1401/popovaphoto140100020.jpg",450,300,
"cauliflower white background",79,"Vegan No-Fry Cauliflower Hot Wings ...","https://mysolluna.com/blog/2016/08/23/vegan-no-fry-cauliflower-hot-wings-recipe/","https://mysolluna.com/wp-content/uploads/2016/08/bigstock-Part-Of-Cauliflower-On-White-B-104459600.jpg",1600,1057,
"cauliflower white background",80,"Fresh Cauliflower White Background ...","https://depositphotos.com/234626214/stock-photo-fresh-cauliflower-white-background.html","https://st4.depositphotos.com/3266387/23462/i/1600/depositphotos_234626214-stock-photo-fresh-cauliflower-white-background.jpg",1600,1166,
"cauliflower white background",81,"head close up on white background ...","https://www.alamy.com/white-cauliflower-head-close-up-on-white-background-image273128734.html","https://c8.alamy.com/comp/WTA2DJ/white-cauliflower-head-close-up-on-white-background-WTA2DJ.jpg",1300,956,
"cauliflower white background",82,"Cabbage, Broccoli, cauliflower, radish ...","https://stock.adobe.com/ca/images/cabbage-broccoli-cauliflower-radish-white-background/265441962","https://as2.ftcdn.net/jpg/02/65/44/19/500_F_265441962_ykqQ6rJBosRHd8ug86nctv7SQv51g6DU.jpg",500,334,
"cauliflower white background",83,"White Background Â· GL Stock Images","https://glstock.com/graphic/3559475-part-of-cauliflower-on-white-background","https://cloud.glstock.com/79695/3559475/part-of-cauliflower-on-white-background.jpg",500,500,
"cauliflower white background",84,"Fresh cauliflower white background ...","https://creativemarket.com/Pakorn/3739863-Fresh-cauliflower-white-background","https://cmkt-image-prd.freetls.fastly.net/0.1.0/ps/6323577/910/607/m2/fpnw/wm1/zkkwq7flp3teagln07cdulprk7fwik5nn1xhzgydpfd3ynu8hplc93ddkb5cto4f-.jpg?1556700807&s=da87e1a2394e2dae7415736b7dad9661",1820,1214,
"cauliflower white background",85,"Cauliflower 101: Everything You Need To ...","https://www.liveeatlearn.com/cauliflower/","https://www.liveeatlearn.com/wp-content/uploads/2019/10/cauliflower-photo-4.jpg",1000,468,
"cauliflower white background",86,"white background Royalty Free Vector","https://www.vectorstock.com/royalty-free-vector/cute-cauliflower-on-white-background-vector-27328388","https://cdn4.vectorstock.com/i/1000x1000/83/88/cute-cauliflower-on-white-background-vector-27328388.jpg",869,1080,
"cauliflower white background",87,"yellow cauliflower in white plate on ...","https://www.yayimages.com/26839416/yellow-cauliflower-in-white-plate-on-white-background.html","https://image.yayimages.com/1600/photo/yellow-cauliflower-in-white-plate-on-white-background-199878436.jpg",1600,1099,
"cauliflower white background",88,"Green cauliflower on white background.","https://www.canstockphoto.com/green-cauliflower-on-white-background-61068381.html","https://comps.canstockphoto.com/green-cauliflower-on-white-background-pictures_csp61068381.jpg",450,320,
"cauliflower white background",89,"Cauliflower White Background Stock ...","https://www.gettyimages.com/photos/cauliflower-white-background","https://media.gettyimages.com/photos/one-cauliflower-high-angle-view-picture-id126455492?s=612x612",612,490,
"cauliflower white background",90,"Isolated White Background - Stock Photo ...","https://www.pinterest.com/pin/753438212645886187/","https://i.pinimg.com/originals/ce/80/d7/ce80d75914318e1d4beefe1365b65bad.jpg",1024,773,
"cauliflower white background",91,"White Background Stock Photo ...","https://www.istockphoto.com/photo/cauliflower-on-white-background-gm1144082417-307448173","https://media.istockphoto.com/photos/cauliflower-on-white-background-picture-id1144082417",1024,577,
"cauliflower white background",92,"Cauliflower White Background Images ...","https://www.shutterstock.com/search/cauliflower+white+background","https://image.shutterstock.com/image-photo/cauliflower-isolated-on-white-background-260nw-164597345.jpg",258,280,
"cauliflower white background",93,"white background stock photo ...","https://stockfresh.com/image/9003501/broccoli-and-cauliflower-isolated-on-white-background","https://img3.stockfresh.com/files/k/kenishirotie/m/86/9003501_stock-photo-broccoli-and-cauliflower-isolated-on-white-background.jpg",600,400,
"cauliflower white background",94,"isolated with white background Photo ...","https://iconscout.com/photo/cauliflower-in-hand-isolated-with-white-background-1844259","https://cdnp.iconscout.com/photo/free/preview/cauliflower-in-hand-isolated-with-white-background-1844259-1566833.jpg",927,1601,
"cauliflower white background",95,"West blue flower cauliflower green ...","https://pikbest.com/photo/west-blue-flower-cauliflower-green-vegetable-gourmet-white-background-photography-picture_1302875.html","https://pic.pikbest.com/01/47/25/667888piCpKM.jpg-0.jpg!bw700",700,1053,
"cauliflower white background",96,"white background Stock Image ...","https://www.fotosearch.com/FSD595/x13692770/","https://fscomps.fotosearch.com/compc/FSD/FSD595/cauliflower-and-broccoli-against-white-stock-image__x13692770.jpg",450,319,
"cauliflower white background",97,"white background Stock Photos ...","https://www.agefotostock.com/age/en/Stock-Images/white-cauliflower-white-background.html","https://t1.thpservices.com/previewimage/gallil/87a2bf899af52ae34b0dab046fa0a1d8/esy-010285779.jpg",640,467,
"cauliflower white background",98,"White Background Stock Photo ...","https://www.123rf.com/photo_145175929_cauliflower-isolated-on-white-background.html","https://previews.123rf.com/images/samreungpila/samreungpila2004/samreungpila200400004/145175929-cauliflower-isolated-on-white-background.jpg",1300,1178,
"cauliflower white background",99,"Cauliflow Stalk Cauliflower Ingredients ...","https://www.pixtastock.com/photo/12554960","https://en.pimg.jp/012/554/960/1/12554960.jpg",450,318,