search_parameters.q","image_results.position","image_results.title","image_results.link","image_results.image","image_results.width","image_results.height","image_results.image_type"
"red beans raw",1,"Eating Raw Kidney Beans Can Be Toxic ...","https://blogs.extension.iastate.edu/answerline/2013/06/03/eating-raw-kidney-beans-can-be-toxic/","https://blogs.extension.iastate.edu/answerline/files/2013/05/Raw-Kidney-Beans-final.jpg",440,280,
"red beans raw",2,"Are raw kidney beans dangerous?","https://www.goodfood.com.au/recipes/news/are-raw-kidney-beans-dangerous-20190729-h1gn91","https://www.goodfood.com.au/content/dam/images/h/1/g/t/q/3/image.related.wideLandscape.460x259.h1gn91.png/1564962143925.jpg",460,258,
"red beans raw",3,"Small Red Bean Background Stock Photo ...","https://www.123rf.com/photo_84613617_raw-of-small-red-bean-background.html","https://previews.123rf.com/images/amstockphoto/amstockphoto1708/amstockphoto170800013/84613617-raw-of-small-red-bean-background.jpg",1300,866,
"red beans raw",4,"10: Kidney Beans - 10 Foods You Should ...","https://health.howstuffworks.com/food-nutrition/10-foods-you-should-never-eat-raw1.htm","https://resize.hswstatic.com/w_907/gif/kidney-bean-pile-622x415.jpg",907,605,
"red beans raw",5,"red kidney beans full frame Stock Photo ...","https://www.alamy.com/stock-photo-raw-red-kidney-beans-full-frame-97153839.html","https://c8.alamy.com/comp/FJ1MKY/raw-red-kidney-beans-full-frame-FJ1MKY.jpg",1300,956,
"red beans raw",6,"Raw or Undercooked Rajma Can be ...","https://timesofindia.indiatimes.com/life-style/health-fitness/diet/raw-or-undercooked-rajma-can-be-dangerous-for-you/articleshow/67987730.cms","https://static.toiimg.com/photo/msid-67987797/67987797.jpg?1453295",1200,900,
"red beans raw",7,"Toxic Red Kidney Beans?","https://www.vegancoach.com/toxic-red-kidney-beans.html","https://www.vegancoach.com/images/xvegan-kidney-beans.jpg.pagespeed.ic.PmtdciyqmV.jpg",293,188,
"red beans raw",8,"Black Beans And Raw Kidney Beans ...","https://www.123rf.com/photo_13628412_close-up-of-raw-black-beans-and-raw-kidney-beans.html","https://previews.123rf.com/images/ckellyphoto/ckellyphoto1205/ckellyphoto120500010/13628412-close-up-of-raw-black-beans-and-raw-kidney-beans.jpg",1300,901,
"red beans raw",9,"Raw Red Beans - Phaseolus Vulgaris ...","https://www.dreamstime.com/cooked-red-beans-can-encourage-wide-range-foods-raw-phaseolus-vulgaris-image109416918","https://thumbs.dreamstime.com/z/cooked-red-beans-can-encourage-wide-range-foods-raw-phaseolus-vulgaris-109416918.jpg",1300,957,
"red beans raw",10,"Red kidney beans raw kidney beans ...","https://www.tradekorea.com/product/detail/P696697/Red-kidney-beans-raw-kidney-beans.html","http://web.tradekorea.com/product/227/1514227/Red%20kidney%20beans%20raw%20kidney%20beans_1.jpg",1000,750,
"red beans raw",11,"Raw Kidney Beans Stock Photo - Download ...","https://www.istockphoto.com/photo/raw-kidney-beans-gm689971844-127071573","https://media.istockphoto.com/photos/raw-kidney-beans-picture-id689971844?k=6&m=689971844&s=170667a&w=0&h=ObzdklzXGXbxmRp3RQS3KoGoLf7yqbdAGHw_OiyCNUg=",509,339,
"red beans raw",12,"Image Of Raw Kidney Beans Stock Photo ...","https://www.123rf.com/photo_17468555_close-up-image-of-raw-kidney-beans.html","https://previews.123rf.com/images/zollster/zollster1301/zollster130100070/17468555-close-up-image-of-raw-kidney-beans.jpg",1300,866,
"red beans raw",13,"Nutritions Kidney beans, raw per 100 grams.","http://www.foodnutritiontable.com/nutritions/nutrient/?id=1203","http://www.foodnutritiontable.com/_lib/img/prod/big/kidneybonen.jpg",360,360,
"red beans raw",14,"Raw brown kidney beans. Red kidney bean ...","https://www.canstockphoto.com/raw-brown-kidney-beans-55685041.html","https://comps.canstockphoto.com/raw-brown-kidney-beans-stock-photo_csp55685041.jpg",450,320,
"red beans raw",15,"Raw Red Beans Phaseolus Vulgaris Stock ...","https://www.istockphoto.com/photo/raw-red-beans-phaseolus-vulgaris-gm1151842820-312267632","https://media.istockphoto.com/photos/raw-red-beans-phaseolus-vulgaris-picture-id1151842820",1024,682,
"red beans raw",16,"Dangers of Raw Red Kidney Beans (With ...","https://www.pinterest.com/pin/7810999333965438/","https://i.pinimg.com/originals/4f/48/b5/4f48b51528b0ca3b7c09e4690f247a88.jpg",265,180,
"red beans raw",17,"Macro Close up of Raw Stock Footage ...","https://www.shutterstock.com/video/clip-15655006-macro-close-raw-organic-red-kidney-beans","https://ak.picdn.net/shutterstock/videos/15655006/thumb/1.jpg",852,480,
"red beans raw",18,"Raw Red Kidney Beans On A Silver Spoon ...","https://www.123rf.com/photo_37232627_close-up-of-raw-red-kidney-beans-on-a-silver-spoon.html","https://previews.123rf.com/images/madorf/madorf1503/madorf150300027/37232627-close-up-of-raw-red-kidney-beans-on-a-silver-spoon.jpg",1300,866,
"red beans raw",19,"red Kidney Bean Dry Pinto ...","https://www.alibaba.com/product-detail/Dried-and-Raw-Dark-Red-Kidney_50036658894.html","https://sc01.alicdn.com/kf/UTB85lQ4nlahduJk43Jaq6zM8FXa7.jpg_350x350.jpg",350,303,
"red beans raw",20,"red beans grains red beans pure farm ...","https://www.chinahao.com/product/561296943507/",,800,800,
"red beans raw",21,"Food background - many raw red spotted ...","https://www.canstockphoto.com/many-raw-red-spotted-beans-33492273.html","https://comps.canstockphoto.com/many-raw-red-spotted-beans-picture_csp33492273.jpg",450,320,
"red beans raw",22,"Raw Red Organic Kidney Beans photo by ...","https://elements.envato.com/raw-red-organic-kidney-beans-PETBCDP","https://envato-shoebox-0.imgix.net/8a2e/a06a-df5a-40a2-96e0-c4349820fe85/_MG_8225.jpg?auto=compress%2Cformat&fit=max&mark=https%3A%2F%2Felements-assets.envato.com%2Fstatic%2Fwatermark2.png&markalign=center%2Cmiddle&markalpha=18&w=700&s=c8bf00ddc62dd2cc8dfc93e6364e4892",700,1050,
"red beans raw",23,"Uncooked Red Kidney Beans Make You Ill ...","https://canidoit.org/can-uncooked-red-kidney-beans-make-you-ill","http://canidoit.org/wp-content/uploads/2010/04/Red_Kidney_Beans-1-300x300.jpg",300,300,
"red beans raw",24,"raw oval red beans in a plate on a w ...","https://creativemarket.com/ndanko/4450787-raw-oval-red-beans-in-a-plate-on-a-w","https://cmkt-image-prd.freetls.fastly.net/0.1.0/ps/7554233/910/705/m2/fpnw/wm1/o5mv05mwvtjyavssye3kfuwjqhsd14sek7fq4hntwtyje131adf77flchx2f5ydb-.jpg?1578478620&s=ac633eb2ce7c63b493712962ca53a63c",1820,1410,
"red beans raw",25,"raw round red beans in a plate on a ...","https://creativemarket.com/ndanko/4432872-raw-round-red-beans-in-a-plate-on-a","https://cmkt-image-prd.freetls.fastly.net/0.1.0/ps/7522485/910/788/m2/fpnw/wm1/trugy3apx1yiakyozrnftndiznleuown13q5q6m9scfo3ekdus8jlcsqjwx9s21d-.jpg?1577712651&s=95df91dbb4ae655bf4007c6b21b0c550",1820,1576,
"red beans raw",26,"Raw Red Organic Kidney Beans photo by ...","https://elements.envato.com/raw-red-organic-kidney-beans-PZ5EYLE","https://envato-shoebox-0.imgix.net/315d/61af-6cea-4324-9ec7-87d412301a3b/_MG_8229.jpg?auto=compress%2Cformat&fit=max&mark=https%3A%2F%2Felements-assets.envato.com%2Fstatic%2Fwatermark2.png&markalign=center%2Cmiddle&markalpha=18&w=1600&s=8635d5120072eaf4627577bbd0bcc306",1600,2400,
"red beans raw",27,"Organic Dark Red Kidney Beans -Non-GMO ...","https://www.ebay.com/itm/Organic-Dark-Red-Kidney-Beans-Non-GMO-Kosher-Raw-Sproutable-by-Food-to-Live-/264386864958","https://i.ebayimg.com/images/g/a7UAAOSwe~tdHZv~/s-l300.jpg",300,300,
"red beans raw",28,"Kidney beans","https://www.diet-health.info/en/recipes/ingredients/in/cz5561-kidney-beans","https://www.diet-health.info/images/recipes/1400/1280px-sa-kidneybeans.jpg",1280,767,
"red beans raw",29,"Kidney bean - Wikipedia","https://en.wikipedia.org/wiki/Kidney_bean","https://upload.wikimedia.org/wikipedia/commons/2/27/Red_Rajma_BNC.jpg",4164,2776,
"red beans raw",30,"Foods You Should Never Eat Raw ...","https://www.thehealthy.com/nutrition/foods-never-eat-raw/","https://www.rd.com/wp-content/uploads/2018/01/03_Kidneybeans_Foods-You-Should-Never-Ever-Eat-Raw_285144815_Pachai-Leknettip-760x506.jpg",760,506,
"red beans raw",31,"raw oval red beans in a plate on a w ...","https://creativemarket.com/ndanko/4444871-raw-oval-red-beans-in-a-plate-on-a-w","https://cmkt-image-prd.freetls.fastly.net/0.1.0/ps/7544022/910/823/m2/fpnw/wm1/racwpmmfumg0yync35914d2vacuroflltdsvszpljw15deyafzyu2qqastsfelb8-.jpg?1578310935&s=cd5f5e21c3d47838b7afe7bf6f07e3aa",1820,1646,
"red beans raw",32,"Raw brown kidney beans. Red kidney bean ...","https://www.canstockphoto.com/raw-brown-kidney-beans-55685032.html","https://comps.canstockphoto.com/raw-brown-kidney-beans-stock-photos_csp55685032.jpg",300,470,
"red beans raw",33,"Red Kidney Beans Raw Kidney Beans","https://www.eworldtrade.com/pd/ew23070567496/red-kidney-beans-raw/326251/","https://euimg.eworldtrade.com/uploads/user_products/3/8/326251-9045-20180703-o.jpg",560,420,
"red beans raw",34,"Raw brown kidney beans Stock Photo ...","https://www.fotosearch.com/CSP079/k55685048/","https://fscomps.fotosearch.com/compc/CSP/CSP079/raw-brown-kidney-beans-stock-photo__k55685048.jpg",450,319,
"red beans raw",35,"Raw brown kidney beans | Premium Photo","https://www.freepik.com/premium-photo/raw-brown-kidney-beans_2314856.htm","https://image.freepik.com/free-photo/raw-brown-kidney-beans_41471-494.jpg",626,417,
"red beans raw",36,"OuYang Hengzhi Raw Material Combination ...","https://www.amazon.com/OuYang-Hengzhi-Material-Combination-Soybean/dp/B07NV6545D","https://images-na.ssl-images-amazon.com/images/I/51pHop3rjfL._SL1001_.jpg",1001,821,
"red beans raw",37,"Raw Red Organic Kidney Beans photo by ...","https://elements.envato.com/raw-red-organic-kidney-beans-P7H2NZU","https://envato-shoebox-0.imgix.net/60e7/d90f-9f54-4385-9db2-2a8bd458f34e/_MG_8234.jpg?auto=compress%2Cformat&fit=max&mark=https%3A%2F%2Felements-assets.envato.com%2Fstatic%2Fwatermark2.png&markalign=center%2Cmiddle&markalpha=18&w=1600&s=8d0d6946c174ad267d3698812ab4fe8b",1600,2400,
"red beans raw",38,"Macro shot of raw red beans, background ...","https://www.alamy.com/stock-photo-macro-shot-of-raw-red-beans-background-94623000.html","https://c8.alamy.com/comp/FDXCGT/macro-shot-of-raw-red-beans-background-FDXCGT.jpg",1300,953,
"red beans raw",39,"Pune Maharashtra India by S A Agro ...","https://www.exportersindia.com/s-a-agro-exim-company/kidney-beans-3614115.htm","https://img1.exportersindia.com/product_images/bc-full/dir_179/5357302/kidney-beans-1517220382-3614115.jpeg",400,266,
"red beans raw",40,"Kidney Beans can Poison You and Make ...","https://preparednessadvice.com/food_storage/kidney-beans-can-poison-make-sick/","http://preparednessadvice.com/wp-content/uploads/2014/10/kidney-beans.jpg",275,183,
"red beans raw",41,"raw oval red beans in a plate on a w ...","https://creativemarket.com/ndanko/4450750-raw-oval-red-beans-in-a-plate-on-a-w","https://cmkt-image-prd.freetls.fastly.net/0.1.0/ps/7554194/910/777/m2/fpnw/wm1/i1lxntwhgylx8f0unasroiqxsavgpmybkyrwtbhtqg9ro7rhzmrjrwjedztvqhtf-.jpg?1578478219&s=b7c6aced91acb19319961f42fd021901",1820,1554,
"red beans raw",42,"Raw Red Organic Kidney Beans Stock ...","https://photodune.net/item/raw-red-organic-kidney-beans/15213971","https://s3.envato.com/files/175621200/_MG_8240.jpg",590,885,
"red beans raw",43,"Red Kidney Beans Raw Kidney Beans, View ...","https://ph1328269214vnmk.trustpass.alibaba.com/product/62002436103-0/Red_Kidney_Beans_Raw_Kidney_Beans.html","https://sc01.alicdn.com/kf/UTB8eNsyJGrFXKJk43Ovq6ybnpXaK/Red-Kidney-Beans-Raw-Kidney-Beans.jpg",732,732,
"red beans raw",44,"Raw Red Organic Kidney Beans Stock ...","https://photodune.net/item/raw-red-organic-kidney-beans/15213937","https://s3.envato.com/files/175621018/_MG_8245.jpg",590,393,
"red beans raw",45,"raw red with white speckled ...","https://depositphotos.com/156472216/stock-photo-food-background-raw-red-with.html","https://st3.depositphotos.com/4443803/15647/i/1600/depositphotos_156472216-stock-photo-food-background-raw-red-with.jpg",1600,1167,
"red beans raw",46,"Raw Red Kidney Beans With Silver Spoon ...","https://www.istockphoto.com/photo/raw-red-kidney-beans-with-silver-spoon-gm466442000-59771756","https://media.istockphoto.com/photos/raw-red-kidney-beans-with-silver-spoon-picture-id466442000",1024,683,
"red beans raw",47,"OuYang Hengzhi Red Adzuki Bean, Gray ...","https://www.amazon.com/OuYang-Hengzhi-Adzuki-Jujube-Material/dp/B07NV5WZGK","https://images-na.ssl-images-amazon.com/images/I/517vQ06pmnL._SX522_.jpg",522,422,
"red beans raw",48,"Raw Red Organic Kidney Beans in a Bowl ...","https://www.alamy.com/stock-photo-raw-red-organic-kidney-beans-in-a-bowl-97745318.html","https://c8.alamy.com/comp/FK0K46/raw-red-organic-kidney-beans-in-a-bowl-FK0K46.jpg",866,1390,
"red beans raw",49,"Raw red beans and a metallic ladle ...","https://www.fotosearch.ca/CSP551/k39163168/","https://fscomps.fotosearch.com/compc/CSP/CSP551/raw-red-beans-and-a-metallic-ladle-stock-photo__k39163168.jpg",450,319,
"red beans raw",50,"Raw Red Organic Kidney Beans photo by ...","https://elements.envato.com/raw-red-organic-kidney-beans-P7JDGYT","https://envato-shoebox-0.imgix.net/a7c3/f39e-e306-44bd-88d9-24a29188202f/_MG_8222.jpg?auto=compress%2Cformat&fit=max&mark=https%3A%2F%2Felements-assets.envato.com%2Fstatic%2Fwatermark2.png&markalign=center%2Cmiddle&markalpha=18&w=700&s=bb5e59fb8967eb77c47c5581678da3f8",700,1050,
"red beans raw",51,"Raw Dark Red Kidney Sugar Bean ...","https://www.alibaba.com/product-detail/Dried-and-Raw-Dark-Red-Kidney_50035600115.html","https://sc01.alicdn.com/kf/UTB8.xLQytoSdeJk43Owq6ya4XXah.jpg_350x350.jpg",350,348,
"red beans raw",52,"Kidney beans, cooked, unsalted","https://www.diet-health.info/en/recipes/ingredients/in/fx5562-kidney-beans-cooked-unsalted","https://www.diet-health.info/images/recipes/1400/kidney-beans-1.jpg",1176,705,
"red beans raw",53,"China Red Kidney Beans Raw Kidney Beans ...","https://sd-tianqiu.en.made-in-china.com/product/wSQnJvKuOHUx/China--.html","https://image.made-in-china.com/2f0j00EFAQoJHPkspw/Red-Kidney-Beans-Raw-Kidney-Beans.jpg",360,360,
"red beans raw",54,"fresh raw garden vegetable red haricot ...","https://www.freeart.com/artwork/art-print/beans-of-fresh-raw-garden-vegetable-red_fa68126316.html","https://images.freeart.com/comp/art-print/fa68126316/beans-of-fresh-raw-garden-vegetable-red-haricot-vegetable-isolated.jpg",561,471,
"red beans raw",55,"Raw brown kidney beans. Red kidney bean ...","https://www.canstockphoto.com/raw-brown-kidney-beans-55685020.html","https://comps.canstockphoto.com/raw-brown-kidney-beans-stock-photo_csp55685020.jpg",450,320,
"red beans raw",56,"latest pseudoscience diet fad ...","https://www.washingtonpost.com/lifestyle/wellness/going-lectin-free-is-the-latest-pseudoscience-diet-fad/2017/07/05/45382462-5b4e-11e7-a9f6-7c3296387341_story.html","https://img.washingtonpost.com/rf/image_480w/2010-2019/WashingtonPost/2017/07/06/Production/LocalLiving/Images/iStock-541973496.jpg?uuid=h1sxfmGvEeek9680_B2dOQ",480,320,
"red beans raw",57,"Raw red bean in ceramic bowl. Selective ...","https://photodune.net/item/raw-red-bean-in-ceramic-bowl-selective-focus/23026994","https://s3.envato.com/files/257793805/photo_table_batch15_024.jpg",590,885,
"red beans raw",58,"Raw Red Beans. Close Up. Top View Stock ...","https://www.123rf.com/photo_119223524_raw-red-beans-close-up-top-view.html","https://previews.123rf.com/images/stas71/stas711903/stas71190300427/119223524-raw-red-beans-close-up-top-view.jpg",1300,975,
"red beans raw",59,"Xiangyuan molasses beans red beans four ...","https://www.chinahao.com/product/570198528054/","https://encrypted-tbn0.gstatic.com/images?q=tbn%3AANd9GcQ-XjxsXGKAX-7HqxatT1hpvEICZxoI-WPJMC8PJZdMT5quyuPx&usqp=CAU",700,700,
"red beans raw",60,"A Complex Red Bean Stew From Georgia ...","https://www.nytimes.com/2018/02/16/dining/bean-stew-recipe-lobio-georgia.html","https://static01.nyt.com/images/2018/02/21/dining/21appetite1/merlin_133673211_d48cb556-18fa-4a34-9c66-93a08ba7bffc-articleLarge.jpg?quality=75&auto=webp&disable=upscale",600,400,
"red beans raw",61,"Raw Red Beans - Phaseolus Vulgaris ...","https://www.dreamstime.com/raw-red-beans-phaseolus-vulgaris-cooked-can-encourage-wide-range-foods-image112746175","https://thumbs.dreamstime.com/b/raw-red-beans-phaseolus-vulgaris-cooked-can-encourage-wide-range-foods-112746175.jpg",800,503,
"red beans raw",62,"Red Kidney Beans Raw Food Ingredient ...","https://www.gettyimages.com/detail/photo/healthy-eating-red-kidney-beans-raw-food-ingredient-royalty-free-image/915028344","https://media.gettyimages.com/photos/healthy-eating-red-kidney-beans-raw-food-ingredient-picture-id915028344",1024,683,
"red beans raw",63,"Are Rajma and Other Pulses Causing Gas ...","https://food.ndtv.com/food-drinks/are-rajma-and-other-pulses-causing-gas-heres-how-to-de-gas-them-1719638","https://i.ndtvimg.com/i/2016-11/beans-620_620x350_41479815550.jpg",620,350,
"red beans raw",64,"Beans photo by bhofack2 on Envato Elements","https://elements.envato.com/organic-raw-red-beans-PUWQGJE","https://envato-shoebox-0.imgix.net/1075/36d0-c38a-455e-88d2-f61e8cf51d91/_00A7621.jpg?auto=compress%2Cformat&fit=max&mark=https%3A%2F%2Felements-assets.envato.com%2Fstatic%2Fwatermark2.png&markalign=center%2Cmiddle&markalpha=18&w=1600&s=3396d7dd3448988d891d82dd467f386a",1600,1067,
"red beans raw",65,"Close Up Of Colorful Raw Legumes, With ...","https://wallsheaven.com/wall-murals/close-up-of-colorful-raw-legumes,-with-red-kidney-beans,-green-D49365588","https://wallsheaven.com/photos/D49365588/400/close-up-of-colorful-raw-legumes,-with-red-kidney-beans,-green.jpg",400,400,
"red beans raw",66,"Raw brown kidney beans Stock Image ...","https://www.fotosearch.com/CSP585/k55685041/","https://fscomps.fotosearch.com/compc/CSP/CSP585/raw-brown-kidney-beans-stock-image__k55685041.jpg",450,319,
"red beans raw",67,"white speckled kidney beans ...","https://stock.adobe.com/images/food-background-raw-red-with-white-speckled-kidney-beans/252124448","https://as1.ftcdn.net/jpg/02/52/12/44/500_F_252124448_UFMMCqFOhWS1ZXJcz2t1a6Am1GyRlRS6.jpg",500,334,
"red beans raw",68,"many raw red kidney beans Stock Photo ...","https://www.alamy.com/many-raw-red-kidney-beans-image226395834.html","https://c8.alamy.com/comp/R4965E/many-raw-red-kidney-beans-R4965E.jpg",1300,956,
"red beans raw",69,"Kidney Beans Collage Image & Photo ...","https://www.bigstockphoto.com/image-200063551/stock-photo-kidney-beans-collage-raw-purple%2C-pink-with-brown%2C-beige-with-brown%2C-white-with-red-speckled-kidney-beans","https://static2.bigstockphoto.com/0/0/2/large1500/200063551.jpg",1500,1121,
"red beans raw",70,"Organic Red Kidney Beans | Raw | Vegan ...","https://wholefoodearth.com/products/copy-of-wholefood-earth-organic-black-turtle-beans-raw-gmo-free","https://cdn.shopify.com/s/files/1/0027/6008/1477/products/Red_Kidney_Beans_Resealable_Plastic_Bag_1024x1024.jpg?v=1560785433",870,1024,
"red beans raw",71,"Raw Red Kidney Beans, full-frame ...","https://focusedcollection.com/175964140/stock-photo-raw-red-kidney-beans-full.html","https://st.focusedcollection.com/14961130/i/1800/focused_175964140-stock-photo-raw-red-kidney-beans-full.jpg",1800,1200,
"red beans raw",72,"milk tea dessert raw materials ...","https://www.ebuy7.com/item/canned-red-beans-instant-milk-tea-dessert-raw-material-double-skin-milk-raw-material-red-sugar-honey-bean-red-bean-filling-425g-551658934846","https://img.alicdn.com/imgextra/i3/2455400612/O1CN013k6Uh61GOKwK81Iaw_!!2455400612.jpg",800,800,
"red beans raw",73,"bunch of raw white-red beans on a wh ...","https://creativemarket.com/ndanko/4267509-bunch-of-raw-white-red-beans-on-a-wh","https://cmkt-image-prd.freetls.fastly.net/0.1.0/ps/7236551/300/200/m2/fpc/wm0/oohhhxplnjzxee4wxulxi5grbv6r3zrony7smcvamvrvxfvlsjvyzqc2crulpzar-.jpg?1572730512&s=bb0ec9950ecbdfff08f8633982ad2f12",600,400,
"red beans raw",74,"Cooking Dried Kidney Beans","https://cookforgood.com/cooking-dried-kidney-beans-soaking-temperature-and-time/","https://cookforgood.com/wp-content/uploads/2018/11/kidney-beans-raw-soaking-640s.jpg",640,640,
"red beans raw",75,"Bunch of raw white red beans | Premium ...","https://www.freepik.com/premium-photo/bunch-raw-white-red-beans_6098796.htm","https://image.freepik.com/free-photo/bunch-raw-white-red-beans_116441-7183.jpg",626,468,
"red beans raw",76,"Raw brown kidney beans — Stock Photo ...","https://depositphotos.com/189849562/stock-photo-raw-brown-kidney-beans.html","https://st3.depositphotos.com/10302016/18984/i/1600/depositphotos_189849562-stock-photo-raw-brown-kidney-beans.jpg",1600,1167,
"red beans raw",77,"Red Kidney Beans in The Slow Cooker","https://www.motherearthnews.com/real-food/be-careful-with-red-kidney-beans-in-the-slow-cooker","https://opimedia.azureedge.net/-/media/images/men/editorial/blogs/real-food/be-careful-with-red-kidney-beans-in-the-slow-cooker/chili-beans-for-web.jpg",366,549,
"red beans raw",78,"red Kidney Bean Dry Pinto ...","https://www.alibaba.com/product-detail/Dried-and-Raw-Dark-Red-Kidney_50039585203.html","https://sc02.alicdn.com/kf/UTB8ur_LBgQydeJk43PUq6AyQpXab.jpg",640,640,
"red beans raw",79,"Raw Organic Red Adzuki Beans ...","https://www.freeart.com/artwork/art-print/raw-organic-red-adzuki-beans_fa41009782.html","https://images.freeart.com/comp/art-print/fa41009782/raw-organic-red-adzuki-beans.jpg?units=in&pw=8.0&ph=10.0&fit=False",451,581,
"red beans raw",80,"Dirty Kidney Beans · GL Stock Images","https://glstock.com/graphic/3666604-dirty-kidney-beans","https://cloud.glstock.com/33252/3666604/dirty-kidney-beans-isolated-on-white-background.jpg",500,500,
"red beans raw",81,"Raw Red Organic Kidney Beans In A Bowl ...","https://www.123rf.com/photo_53104962_raw-red-organic-kidney-beans-in-a-bowl.html","https://previews.123rf.com/images/bhofack2/bhofack21603/bhofack2160300051/53104962-raw-red-organic-kidney-beans-in-a-bowl.jpg",1300,866,
"red beans raw",82,"red beans 3kg sugar na red bean ...","https://www.chinahao.com/product/520437944852/","https://encrypted-tbn0.gstatic.com/images?q=tbn%3AANd9GcTjpGI1caEsyvwM8ofSruT6mdql7ojNeNsVDdB5b_s2nlcsUu5Q&usqp=CAU",800,800,
"red beans raw",83,"Raw Red Kidney Beans from 9 Foods You ...","https://www.thedailymeal.com/eat/9-foods-you-should-never-eat-raw-slideshow/slide-8","https://thumbor.thedailymeal.com/HqGxdGqXZXoFJMLr9En5VNXj9HE=/870x565/https://www.thedailymeal.com/sites/default/files/slideshows/4184/2218931/7-redbean-iStock_thinkstock.jpg",870,565,
"red beans raw",84,"Raw Red Organic Kidney Beans in a Bowl ...","https://www.agefotostock.com/age/en/Stock-Images/Low-Budget-Royalty-Free/ESY-037408262","https://previews.agefotostock.com/previewimage/medibigoff/ebfcdfa72e3d1209e418a30f867c1735/esy-037408262.jpg",1049,698,
"red beans raw",85,"Raw brown kidney beans. Red kidney bean ...","https://www.canstockphoto.com/raw-brown-kidney-beans-55685014.html","https://comps.canstockphoto.com/raw-brown-kidney-beans-picture_csp55685014.jpg",450,320,
"red beans raw",86,"Raw material map of red bean and red ...","https://lovepik.com/image-500716702/raw-material-map-of-red-bean-and-red-bean.html","https://img.lovepik.com/photo/50071/6702.jpg_wh860.jpg",860,573,
"red beans raw",87,"Organic Red Kidney Beans | Raw | Vegan ...","https://wholefoodearth.com/products/wholefood-earth-organic-red-kidney-beans-raw-vegan-gmo-free-dark-red","https://cdn.shopify.com/s/files/1/0027/6008/1477/products/5060470143435_800x.jpg?v=1576683089",800,960,
"red beans raw",88,"Raw white and red beans. stock photo ...","https://www.dreamstime.com/raw-white-red-beans-spilled-beans-background-macro-raw-white-red-beans-image114808212","https://thumbs.dreamstime.com/z/raw-white-red-beans-spilled-beans-background-macro-raw-white-red-beans-114808212.jpg",1300,957,
"red beans raw",89,"Pile Red Beans Raw Stock Photo ...","https://www.istockphoto.com/photo/pile-red-beans-raw-gm858596240-141771565","https://media.istockphoto.com/photos/pile-red-beans-raw-picture-id858596240",1024,683,
"red beans raw",90,"Closeup of Raw Red Beans, lentils and ...","https://www.fotosearch.ie/CSP507/k50213992/","https://fscomps.fotosearch.com/compc/CSP/CSP507/closeup-of-raw-red-beans-lentils-and-stock-image__k50213992.jpg",450,357,
"red beans raw",91,"red beans in a plate on a wooden table ...","https://www.freepik.com/premium-photo/raw-oval-red-beans-plate-wooden-table_6697679.htm","https://image.freepik.com/free-photo/raw-oval-red-beans-plate-wooden-table_116441-8315.jpg",626,563,
"red beans raw",92,"Red Kidney Beans Raw Food Ingredient ...","https://www.gettyimages.fi/detail/photo/healthy-eating-red-kidney-beans-raw-food-ingredient-royalty-free-image/909646338","https://media.gettyimages.com/photos/healthy-eating-red-kidney-beans-raw-food-ingredient-picture-id909646338",1024,683,
"red beans raw",93,"Raw red beans in a metallic scoop photo ...","https://elements.envato.com/raw-red-beans-in-a-metallic-scoop-PR5DLTW","https://envato-shoebox-0.imgix.net/b1e2/7b8b-6fc4-4f9a-bb4c-1d5ca9146c5d/571A6206.jpg?auto=compress%2Cformat&fit=max&mark=https%3A%2F%2Felements-assets.envato.com%2Fstatic%2Fwatermark2.png&markalign=center%2Cmiddle&markalpha=18&w=1600&s=e9e043a4a8a83339513889ed5a805aeb",1600,1067,
"red beans raw",94,"Bamboo Spoon Raw Red Image & Photo ...","https://www.bigstockphoto.com/image-334490905/stock-photo-bamboo-spoon-with-raw-red-bean%2C-raw-red-beans-on-brown-mat","https://static3.bigstockphoto.com/4/3/3/large1500/334490905.jpg",1500,1114,
"red beans raw",95,"Raw Kidney Beans Are Toxic! – Easy ...","https://easylivingthehardway.blog/2019/04/04/raw-kidney-beans-are-toxic/","https://easylivingthehardway.files.wordpress.com/2019/04/img_4187.jpg?w=640",640,427,